dalmax.games.turnBasedGames.connect4,Brain and Puzzle
com.holfeld.japaneseplusfree,Travel and Local
com.mobileApp.controller,Tools
com.aarontennyson.calorietracker,Health and Fitness
com.totaldevel.android.todocitas.ads,Books and Reference
com.google.android.voicesearch,Social
fieldbird.yourself,Libraries and Demo
com.dmacattack.mpgConvert,Transportation
com.ds.tonsillectomy,Medical
metrofax.android.MobileFax,Productivity
sk.halmi.itimerad,Health and Fitness
com.dreamstep.wPureRomancebyAleacia,Lifestyle
org.flinc.app,Travel and Local
com.smafundev.android.games.drumspro,Entertainment
com.socialcast,Business
com.anpow.mechanicaldictionary,Books and Reference
fourandroids.bttoggle,Libraries and Demo
com.lalitasahasranmacafeinks,Books and Reference
com.dictionary.ta,Books and Reference
kr.Neosarchizo.EyeTraining,Lifestyle
jp.ne.neko.freewing.CameraDeviceMarketTest0000,Tools
com.crystalreality.crystaltv,Media and Video
ro.headlight.RTUI,Shopping
com.painone7.Solitaire,Cards and Casino
loyalblocks.userapp,Shopping
com.synaptik.blocks,Brain and Puzzle
com.juteralabs.gush,Shopping
com.dictionary.te,Books and Reference
com.appmk.magazine.AOTNXENBDOVARBFMJ,Books and Reference
br.eti.fml.satoshi,Transportation
com.futonredemption.jasper,Tools
com.hexahis.android.nurcam,News and Magazines
com.dragonplay.slotcity,Cards and Casino
com.FourWheeler.paper,Racing
cantangroup.afrocircus,Libraries and Demo
com.km.utils.paperplane,Lifestyle
com.fastclipper.vfs.vfm30,Media and Video
net.aharm.hoop,Cards and Casino
com.roctechmobile.cartoonthemesongssoundboard,Entertainment
org.gc,Transportation
com.onavo.android.onavoics,Tools
edu.up.ittc.mmda,Transportation
com.nbcnews.today,News and Magazines
com.underwater.fluffy,Casual
com.angel.gkDolphins3d,Libraries and Demo
com.pl.byq.platformer.mario.inspired.jacob.world,Arcade and Action
com.groggy.blondjokes,Lifestyle
com.sonyericsson.androidapp.appkey,Media and Video
com.a164361856850219d5da543e5a.a56903589a,Lifestyle
com.appspot.exploreinandroid2010.animalsound,Education
appinventor.ai_nb12sp.FreeRx,Shopping
com.FacebookLeaversApp,Social
com.appspot.swisscodemonkeys.pickup,Social
com.fitch.jewelsquest,Brain and Puzzle
com.app.qrcodereader,Productivity
cc.chess,Brain and Puzzle
dragon.rushing,Arcade and Action
com.wfld.android.weather,Weather
com.sendsms.nearestplacesandmaps,Travel and Local
securenvoy.softtoken.android,Business
com.istomgames.nyanjump,Arcade and Action
com.vienom.kb.rocko,Education
com.zumba.commerce.android,Shopping
adonai.diary_browser,Social
com.stardev.randomayat,Libraries and Demo
com.pinger.textfree,Communication
com.gi.ksm2.lite,Music and Audio
com.dreamcortex.mypetpandigomagicword,Education
com.riadd.cw,Media and Video
com.conduit.app_16df8fc0f0a14782974124ca74f01f09.app,News and Magazines
com.ericom.accesstogobyericom,Productivity
com.digipom.easyvoicerecorder.pro,Productivity
com.sbardyuk.animalphotos,Entertainment
com.goldenapples.mythology,Lifestyle
com.frankburmo.android.tbane,Transportation
com.keradi.instantsounds,Entertainment
air.RadarVideoCall,Libraries and Demo
no.bouvet.kolumbus.routeplanner,Transportation
at.software.vn.collagelove,Photography
ru.worldbestappsangames.mafiaweaponsimulator,Arcade and Action
com.wSpencersGifts,Casual
com.ryanolson.adw.ubuntu,Personalization
com.rollsroyc3.photoviewerforfacebook,Social
ebook.epub.download.reader,Productivity
jjsoft.mazeworld.demo,Brain and Puzzle
com.panusmos.minicajon,Libraries and Demo
com.madapper.mycreditscore,Finance
com.webmd.baby,Medical
com.vascogames.NinjaMotocross2,Racing
com.soni.desi.radio,Music and Audio
fr.cityway.android.vialsace,Transportation
com.mosaicturelite,Photography
com.droidappworld.fiveminuteadworkouts,Health and Fitness
net.daum.android.with,Social
it.sharksoft.streaming,Media and Video
com.cbs.sportsapp.android.text,Sports
com.funny.haha.jokes.alcohol,Comics
com.othelloplus.android.komik,Comics
com.shams.prefix,Libraries and Demo
ru.galaxyappsandgames.neonstarswords,Entertainment
com.tangowire.app,Social
com.xianqing.driving3d,Racing
air.ynfo.meteowowfree,Weather
com.billybobbain.android.todoqueue,Productivity
air.DAILYDRESSUP,Casual
com.purpletalk.downlaodmanager,Media and Video
com.morgoo.launcher,Personalization
jp.co.so_da.android.collon,Photography
org.dougwise.euroconvert,Finance
com.twopersonstudio.games.spit,Cards and Casino
com.learn.scare,Entertainment
com.theaa.aabob.pub,Travel and Local
com.gau.go.weatherex.language.tr,Libraries and Demo
gr.isystem.makeup,Lifestyle
com.doolabs.fart,Entertainment
com.tizmoplay.androgens,Tools
download.musikmp3.gratis7,Music and Audio
com.shimba.android.video,Libraries and Demo
com.zodiakactive.lovemirror,Lifestyle
rubberbigpepper.VideoReg,Tools
com.nextTrainIreland,Transportation
com.incrediapp.fake.call.shake.me.out.of.here.lite,Entertainment
com.felix.nia,Books and Reference
three.football.livewallpaper,Sports
magory.spacebubbles,Brain and Puzzle
com.GameDayMonitor.Football,Sports
com.jollyjollybean.usaffree,News and Magazines
com.proximity3.hdlandscapes,Personalization
com.cnasoft.dictek,Libraries and Demo
com.mdigit.soundwidget,Libraries and Demo
com.dharmikapps.durgaaarti,Lifestyle
rubberbigpepper.VolumeControl,Libraries and Demo
mp.andro.ALabyrinth,Libraries and Demo
ch.racic.comicviewer.beule,Libraries and Demo
com.ic.myfueltracker,Transportation
com.leventbb.miniimagestudio,Photography
com.ebiz.scarystory,Libraries and Demo
com.esd.diseasedictionary,Medical
com.androidity.wallpaper.paddock,Racing
com.contapps.android.call_log,Communication
com.music.dj.live.wallpaper,Music and Audio
com.gameinsight.bbdeluxe,Arcade and Action
com.gau.go.launcherex.gowidget.searchwidget,Personalization
it.beppi.ryzm,Music and Audio
com.jb.gosms.theme.aGalaxyTHeme,Personalization
com.acarasoft.syncmanager,Media and Video
com.czajnik.collage,Photography
com.ensight.android.soundmassage,Health and Fitness
cn.zhenyun.hd.fengjing,Photography
com.pstudio.wallcoin3d,Entertainment
com.scb.goodlife.android.sg,Shopping
com.heavensabove,Transportation
com.azwstudios.lifequotes,Lifestyle
com.ratrodstudio.driftmania2,Racing
com.mmss.thirukural,Lifestyle
com.cochibo.arrowfree,Transportation
com.piigames.bowman,Arcade and Action
dd.UrduQaida,Education
com.handmark.emoji,Social
com.qurantahfez.main,Books and Reference
com.kozaxinan.locator,Tools
com.smartdriver,Libraries and Demo
com.dikkar.moodscanner,Libraries and Demo
jp.co.pointzero.cashdozergbp,Cards and Casino
sf.easyplaylist.android,Music and Audio
com.realdriftportnew.sipon,Racing
net.anzix.names,Libraries and Demo
com.floor51.android.pulsepaper,Photography
com.digitalchocolate.androidainfinity,Arcade and Action
com.clzman.nesfclite,Tools
com.flaki.systemcleaner,Tools
com.skydev.irctc,Transportation
com.feasy.app.memory.HelloKids,Brain and Puzzle
com.doapps.android.mln.MLN_f047badedc87ba99251ba8fb5345f700,News and Magazines
com.lordmarty.mumbleclient,Lifestyle
com.dommainname.ExtremeTruckConstruction,Libraries and Demo
com.kidga.quadris,Brain and Puzzle
org.hanoo.weathermap,Travel and Local
com.calculator.mortgagePro,Finance
appinventor.ai_wisdomstorylesson.makemoneysellingonebay,Business
com.colakey.T61.firstaid.C001,Medical
com.bestserviceapp.l,Transportation
com.lecz.android.tiltmazes,Brain and Puzzle
com.sanfrantranztransitz,Transportation
com.ggdroid.engine,Media and Video
com.rocky.strawberryclockwidget,Tools
net.ib.notification,Communication
net.l_apps.liquid,Photography
com.drawlogos.net.fifa,Education
jp.co.capa.secure_mailer_lite,Business
biz.mobilefax.mobilefax_android,Communication
com.gau.go.launcherex.theme.ZRomantic,Personalization
com.handcent.plugin.groupsms.helper5,Communication
com.pink.keyboard,Libraries and Demo
com.Vertifi.DeposZip.P263182794,Finance
com.g6677.android.dus,Libraries and Demo
com.koolappz.EP77701920001,Health and Fitness
com.blundell.hit,Health and Fitness
com.smule.magicpiano,Music and Audio
cr.co.trackit.navigar,Travel and Local
com.droidhermes.birdattack,Arcade and Action
com.developer5.musicvk,Media and Video
com.Cerberus.StreetDrag3DLite,Racing
com.neptunegmc.ziplorer,Tools
mrrykler.android.calccalc,Libraries and Demo
eu.borzaindustries.mileycyrus,Media and Video
com.sharj.trafik,Transportation
com.Alawar.AlabamaSmithPompeiiLite,Brain and Puzzle
com.odesys.yukon.ads,Cards and Casino
com.kiwitax.gstcalculator,Shopping
ru.redspell.smallfarm,Casual
com.zeus.nringtones,Music and Audio
com.teamcarbon.theme.gowidget.sulphuryellow_free,Personalization
com.imsi.TurboViewer.Free,Productivity
net.cwfk.ig88.carmode,Tools
com.AndPhone.game.Sperminator,Arcade and Action
com.mgoldprice,Finance
com.jb.mms.theme.springtime,Personalization
com.glu.ewarriors2.pt,Arcade and Action
com.shine.poems,Libraries and Demo
com.actsoft.awf,Business
com.longcat.drinkingsongs,Libraries and Demo
com.idonteam.hackwifi,Media and Video
com.anishu.homebudget.lite,Finance
com.english.numbers.demo,Education
com.vivianaranha.kamasutralite,Lifestyle
com.banjen.app.clothingsize,Lifestyle
com.crimsonpine.solitairechampionhd.klondike,Cards and Casino
com.sjh.popupcamera,Tools
com.hamt.HamtClock,Lifestyle
com.motorola.nfcauthenticator,Lifestyle
com.poshmark.app,Shopping
com.madrabbit.spotit,Brain and Puzzle
com.pi.app.sms.collection,Social
pk.com.tcs,Shopping
appinventor.ai_drsalmanshah165.GPE_Ads,Medical
au.com.mcnetwork.motoscooterparking,Transportation
com.max.BreakUpLines,Social
net.the4thdimension.html5supported,Communication
com.alt12.pinkpadpro,Health and Fitness
com.lily.ball,Sports Games
appslabz.EMICalculator,Finance
my.dubstep.rings.first,Media and Video
br.filipetorio.financas.ajffinance,Finance
com.keyfun.animationpv,Lifestyle
com.rememberthemilk.MobileRTM,Productivity
com.ihturkmen.kayyuizle2,Entertainment
com.timekey.dotsnboxes,Cards and Casino
com.appdevcorner.vaktija,Libraries and Demo
ru.yandex.fotki,Social
com.retro.clock.grey.widget,Tools
com.radioopt.widget,Tools
com.thunderbull_entertainment.worldcup2013,Sports Games
com.resonos.apps.fractal.ifs,Photography
net.strelkov.widget,Libraries and Demo
com.cartavi,Business
com.bipmo.phrasebooklite,Books and Reference
appinventor.ai_au_andpoint.Cashflow,Finance
com.the7art.aromaclock,Personalization
com.killerud.donation,Libraries and Demo
com.afl.flirt.view,Social
blackdroid.widget.christmas,Social
com.machinetoonsapps.wp3dangelswarriors,Personalization
com.epicomm.mobilecoupons,Shopping
com.monkeyfly.android.bubble.TVMonP2,Brain and Puzzle
com.flatter.android.highwayrider,Racing
free.top10.ebooks,Social
com.vbulletin.vbulletin,News and Magazines
com.corocorocat.bijobook,Libraries and Demo
com.hotteststudio.epubreader,Personalization
com.body.fat.estimation.us.navy,Health and Fitness
se.seb.estonia,Finance
livio.pack.lang.es_ES,Books and Reference
com.graytv.android.wtapnews,News and Magazines
com.wTransportinTallinn,Libraries and Demo
sitoplex.AutoRecorder,Productivity
com.mstream.etpc,Communication
com.carboni.fightsongs,Entertainment
app.FinalFutureSMS,Communication
com.wonderbrothers.tubeanywhereonline,Social
jp.co.so_da.android.mangagenerator,Photography
air.com.differencegames.hohauntedhouse,Brain and Puzzle
com.naushad.asaannamaz,Books and Reference
com.itbenefit.android.paperracing,Racing
com.islam.halalcheck,Lifestyle
com.gudensoft.nwsservice,Weather
com.simpleirc,Communication
com.amem,Photography
com.cyfraplus.canalsport,Sports
air.ferreiradevelopment.helicopterAirRescueLite,Racing
us.xyzw.star3map,Travel and Local
com.obv.google.worldpoolonline,Sports Games
air.org.syncon.ODBViewer,Books and Reference
cmm.jiji2013.dandelion.s4,Personalization
com.garland.giftlistpro,Shopping
it.qbit.nhktv,News and Magazines
br.com.hd1.graziani,Education
com.rses.lwp.matrix,Personalization
com.madrabbit.findthedifference,Brain and Puzzle
com.wPDRMBlackListInquiry,Lifestyle
slot.game.progressiveslotmachine,Cards and Casino
com.oldschool.Solitaire,Cards and Casino
com.brickdev.android.handymatelite,Education
com.aheadsolutions.hangman.christmas,Brain and Puzzle
com.tappocket.waterpark2,Lifestyle
com.chillingo.deadahead.rowgplay,Racing
net.red_cat.kfccoupon,Media and Video
am.tir.z.proximitycamera,Photography
br.com.tapps.myvirtualcat,Casual
PK.KAMKOK,Libraries and Demo
com.scottish.whisky.news,News and Magazines
net.ttct.alsalah,Lifestyle
drowning.zebra.allmyenemieslite,Arcade and Action
com.coudriet.weatherradio,News and Magazines
com.androiddevelopermx.blogspot.bone,Medical
org.dilbertapp.bitsraven,Media and Video
com.smartbench.twelve,Health and Fitness
com.n7mobile.nplayer,Music and Audio
com.sri.healthtips,Libraries and Demo
com.arcao.geocaching4locus,Productivity
eu.softwareworkshop.liedetector,Entertainment
free.str.vlc,Media and Video
jp.cane.android.cobaltblue3,Tools
com.gameloft.android.ANMP.GloftDKHM,Arcade and Action
ca.uoguelph.cmer.heatstress,Medical
ru.gelin.android.weather.notification.skin.biggertext,Libraries and Demo
com.kamoland.ytlog,Productivity
com.ezjoynetwork.jewelsminer,Brain and Puzzle
com.game.card,Libraries and Demo
factory.widgets.ThreeDDigitalWeatherClock,Weather
pl.hculap.howhotareyou,Lifestyle
com.whitepages.cricket411,Travel and Local
sjc.gtc1,Lifestyle
com.gau.go.launcherex.theme.Christmascard,Personalization
air.com.dozengames.FloorsEscape,Brain and Puzzle
com.wilcohess.finder,Shopping
com.mshift.android.visionsfcu,Finance
com.lyEffect,Music and Audio
com.bitcasa.android,Business
com.neomit.market.diarios.honduras,News and Magazines
com.heineken.cup,Sports
com.moaibot.sweetyheaven,Casual
tool.media.photo.editor,Photography
com.BirthdayWisher,Communication
air.coim,Medical
com.ZnakiZodiakaFree,Libraries and Demo
sg.megapixel.promo.near.you.PromoNearYou,Shopping
com.caremark.caremark,Medical
com.gameloft.android.ANMP.GloftMTHM,Arcade and Action
drowning.zebra.citystrike,Arcade and Action
pdu.com.codnes,Lifestyle
com.g5e.spiritwalkers.android,Brain and Puzzle
mobi.brainrg.israstocks,Libraries and Demo
com.mfoundry.mb.android.mb_prdcu,Finance
md.apps.h2o,News and Magazines
me.tidesnear.paid,Transportation
com.wsaz.android.weather,Weather
com.app.bao.malaysia,News and Magazines
com.snowbound.pockettool.free,Tools
com.ics.controladorgastos,Tools
tablet.pcs,Shopping
com.KidsMemoryGameBalloons,Education
couk.yourbusinessapp.darts_score,Cards and Casino
com.apkgame8.destroyer2,Brain and Puzzle
com.xiaad.android.thermometertrial,Productivity
com.euptera.taxmaster,Shopping
com.grantech.massagemap3dfree,Medical
com.qll.sb009,Books and Reference
com.app.samedaycourier,Social
com.ditang.ringtonefree,Entertainment
com.mobincube.android.sc_E1T1P.app_37807,Health and Fitness
com.fungames4all.abcjigsawpuzzle,Education
com.photo.collage.creator.frame.picture.free.pro,Photography
com.anndconsulting.mancala,Cards and Casino
com.zhiyuan.jipin.youlun,Racing
com.superphunlabs.speedgauge,Transportation
play.ibibo.canyoudraw,Cards and Casino
com.androidwasabi.livewallpaper.nexus5,Personalization
com.game.good.cribbage,Libraries and Demo
com.ethiopianradio.access,News and Magazines
com.project_x.ARShooting,Libraries and Demo
com.vvse.sunfacts,Weather
com.gnnetcom.jabraservice,Media and Video
com.apacesolutions.letstalkarabic,Education
air.bg.onair.OnAirMobile,News and Magazines
com.tvt.network.portugal,Libraries and Demo
net.topfuncoolgames.burgerfriends,Casual
jp.dcworks.digitalehon.ashes,Education
com.g5e.strix.android,Arcade and Action
com.system.tool.increase.wifi,Tools
net.manageapps.MrCheckpoint,Libraries and Demo
com.andromo.dev189611.app237420,News and Magazines
au.com.mcnetwork.motordealerworkshop,Transportation
com.escogitare.memory,Brain and Puzzle
com.doapps.android.mln.MLN_ae1eaa32d10b6c886981755d579fb4d8,News and Magazines
com.apps.Tides,Weather
com.nellasoft.soccerlive,Sports
jp.sugitom.android.furoneko,Lifestyle
com.yingwen.advcalfree,Finance
com.enrasoft.scratchthat.placequiz,Brain and Puzzle
it.mtbforum.trainingcamp,Transportation
com.qmind.photohub,Media and Video
com.paad.turmeter,Libraries and Demo
de.esymetric.rungps_lite,Sports
com.jintin.jcurrency,Finance
com.sulaba.circuitracer2,Racing
com.naomicsoft.naomic,Arcade and Action
com.aditya.app,Cards and Casino
com.ebookers.hotel,Travel and Local
droidlabel.blogspot.FootballLiveStream,Sports
com.droidberg.assortedteeadfree,Lifestyle
com.digitaloranges.planetariaxads,Tools
eu.zuranski.kzsimplevoicerecorder,Music and Audio
com.ylTop.ylSunset,Personalization
com.yuandroid.touchPTT,Productivity
com.xzTechno,Music and Audio
com.whiture.ngo.tamil.thirukural.donate,Books and Reference
com.demo.android.testing,Libraries and Demo
com.cochibo.arrow,Tools
net.at4.emt,Transportation
org.hermit.audalyzer,Tools
com.mobilerise.weather.imp,Weather
com.dencreak.dlcalculator,Health and Fitness
com.graphicly.walkingdead1,Lifestyle
com.ittus.flashlight,Tools
com.conduit.app_a82d61eab4fb4c38ad12545edaf810da.app,News and Magazines
com.schwimmer.android.togglebluetooth,Libraries and Demo
com.unkasoft.android.enumerados,Brain and Puzzle
com.jiubang.goscreenlock.theme.diva,Personalization
de.ibedelmann.as,Media and Video
com.graphilos.apkinst,Media and Video
kr.pe.app.kakaogallery,Productivity
com.riva.buraco.lite,Cards and Casino
com.cardgame.durak,Brain and Puzzle
com.tobyyaa.superbattery,Tools
com.manatlan.apps.gainabs,Health and Fitness
com.marmalade.decathlon,Sports Games
sg.gov.nea,Business
com.animoca.prettyPetSalonHD,Casual
com.ebroadcast.tvguide.au.free,Media and Video
org.icount.beer,Social
nuggetgames.black.light,Personalization
com.rundouble.authfivek,Health and Fitness
com.apptoolkit.android.snake,Libraries and Demo
com.classifiedconcepts.app.garagesale.mopa,Shopping
appinventor.ai_stephan_laschet.MadeInEnglish,Shopping
com.lathconsultants.tax_calculator,Libraries and Demo
com.fannsoftware.batterywidget,Libraries and Demo
com.Baraban.NewtonCr,Libraries and Demo
com.resetgame.par3golf,Cards and Casino
com.lzPopular,Lifestyle
com.mobage.ww.a1178.Slots777_Android,Cards and Casino
com.won.smartpay,Libraries and Demo
com.secondphoneapps.SpaLocationJumperFree,Social
virtue.rubens.projects.wedding.album,Libraries and Demo
com.sachi.shrimad_bhagavad_gita_in_hindi.AOTZADJWMPGTBMD,Books and Reference
com.suremcx,Finance
com.phoneBook.pro,Communication
com.dm.paok,Sports
com.maize.CardMagic,Media and Video
com.vesperaNovus.app.StartupAuditorFree,Tools
com.xoom.app.seeker.lite,Brain and Puzzle
mk.g6.taxi.taxilondon,Transportation
com.mixmezcla.repelente,Health and Fitness
com.fusionio.imagedistorter,Libraries and Demo
com.peaksel.jesuswallpapers,Books and Reference
jp.us.hi.kaz.pkg,Media and Video
edu.one2onemedicine.oscetrainer,Medical
com.wanted_poster_maker_midtics2,Photography
com.ms_gnet.town,Casual
com.goodsoft.battleship,Libraries and Demo
migifun.trackbuilder.lite,Arcade and Action
it.pinenuts.technews,News and Magazines
get.daily.bible.verses,Lifestyle
com.innovate.delhimetro,Transportation
com.strato.hidrive,Productivity
com.vecal.vcorganizerentplus,Business
teamcorbin.crosslog,Health and Fitness
com.loloworks.llzbs,Arcade and Action
com.camperapp.android.next,Communication
com.mstocksapp,Finance
br.com.gtlsistemas.imagenspalavra,Brain and Puzzle
com.appmakr.app267241,News and Magazines
com.schichtplan,Lifestyle
com.androidpixels.watercamera,Photography
es.classe.sppee,Health and Fitness
ru.gelin.android.weather.notification.skin.whitetextplus,Libraries and Demo
air.com.empiregames.fungirlgames,Casual
com.iparse.maps,Finance
com.HD_Flash_Video_Player_20524,Media and Video
com.airfree.apps.HongKongRadio,Music and Audio
com.sigmaphone.topmedfree,Medical
com.canvasgames.jewel.lite,Brain and Puzzle
com.octopepper.yummypets,Social
com.xtralogic.android.logcollector,Libraries and Demo
com.truecontext.prontoforms,Business
CP.iCarCheck,Business
sts.pl,Arcade and Action
com.cbssports.fbb,Sports
com.ezjoynetwork.jewelslink,Brain and Puzzle
zs.redvoznje,Transportation
net.orizinal.subway,Transportation
com.sturtz.daysuntilwidget,Lifestyle
jp.co.ponos.mrspacelite,Racing
com.mns.kawbubawuibo,Brain and Puzzle
com.personalitymdfree.app.main,Medical
com.ezjoynetwork.fielddefender,Arcade and Action
com.detxxn.memeitor,Comics
com.kiwilwp.livewallpaper.note3,Personalization
com.sg.js.Mahjong,Cards and Casino
com.keramidas.MarketUpdateHelper,Libraries and Demo
com.mgroup.nbook7,Libraries and Demo
com.hairstyles.school,Casual
com.DoodleText.icons.pack.Valentines1,Libraries and Demo
com.x19.xlive,Communication
com.acesboxing.AcesBoxingClubRoundTimer,Libraries and Demo
com.secondnature.scoutlook,Weather
com.sinimanes.mobile,Shopping
com.kinostyle.wallpaper.halloween,Libraries and Demo
com.adimoleas.android.SuperBlueFree,Communication
com.seekingalpha.dividend,Finance
ekri.bimb.text.com,Social
com.betteryourdroid.donateadollar,Libraries and Demo
com.bubblesoft.android.airbubble,Media and Video
ro.bgx.macao,Cards and Casino
com.v1_4.ultimateeminemapplite.com,Music and Audio
com.luke.tangpoetry,Lifestyle
com.jannis.racer,Racing
com.CastleApp.WhatTheFact,Social
com.appcastnet.easycheckin,Social
com.my186soft.android.shoot,Entertainment
com.tranzmedia.Commodity_Online,Finance
de.applicate.android.numbervalidator,Libraries and Demo
com.sadetta.motocrossmasters.premium,Racing
pl.mobiem.android.tetno,Libraries and Demo
com.dc.asianageapp.view,News and Magazines
com.vivoti.trueweather3dmaldives,Weather
pt.isec.am.sb.sobedesce,Cards and Casino
com.kfactormedia.mychristmastree,Libraries and Demo
com.thunderbull_entertainment.amazingspeed,Racing
com.endpermian.cliffdiving.free,Racing
nl.cbal,Music and Audio
com.woio.android.weather,Weather
com.beamwallet,Shopping
com.ellipselab.android.transparentscreen.free,Communication
pl.nk.m.android,Social
com.navyfederal.android,Finance
mdr.findashboard,Finance
com.jb.gosms.theme.getjar.glass,Personalization
com.bitoon.BasketDudes3PointShotContest,Sports Games
com.ga.emulator.bios,Tools
com.danielalanhill.railhopper,Transportation
myPantry.Droid,Shopping
co.speeq.plen,Education
com.gau.go.launcherex.theme.abluex.getjar,Personalization
sharma.tutorials.bank_exam_answers,Business
es.zaragoza.estaziona,Transportation
com.trendsource.msimobile,Business
com.bobisoft.wallpaper.colorfulsmoke,Libraries and Demo
com.jppjff.deal,Shopping
com.conduit.app_8c5ef0b0d2154c84a6f979ef9d6043f9.app,Business
com.asana.app,Business
com.aidem.android.solitaire,Cards and Casino
com.desaxedstudios.bassboosterpro,Music and Audio
com.epazzzsoftware.giftsultimatefree,Shopping
com.lunagames.am_Siren,Libraries and Demo
com.gau.go.launcherex.theme.idiwuq,Personalization
com.guywmustang.autorotatewidget,Tools
com.wdl.landidistributori,Transportation
com.apostek.apps.santas_helper,Casual
com.hyb.dota,Social
com.thirtySouth.SkiTrackerFree,Health and Fitness
com.kpoptube,Music and Audio
gps.ils.vor.glasscockpit,Transportation
com.jb.gosmspro.theme.go,Personalization
com.sonyericsson.extras.liveware.extension.call_log,Communication
com.asc.android.bartusher,Transportation
com.photofunface,Entertainment
air.com.Spindaboom.LearningUkuleleIn7DaysLite,Music and Audio
in.plackal.lovecyclesfree,Health and Fitness
com.dq.fotometro,Tools
com.abdullahsolutions.solatmalaysia,Tools
com.RecordingAppAdcoms,Lifestyle
com.FireworksLiveWallpapers,Personalization
org.healthmap.outbreaksnearme,News and Magazines
com.juliadictionaryinc.biochemistry,Medical
com.trendygames.DutyDriverTaxiLITE,Racing
com.mobileroadie.app_1339,News and Magazines
com.klondikecc.photosketch,Photography
com.advancedtinylab.crossthebridge,Racing
com.dipper.brickworld,Brain and Puzzle
com.fashiolista,Lifestyle
com.photofeed.android,Productivity
refill.my.metrocard,Transportation
net.kreci.crackedscreen,Entertainment
com.flayvr.flayvr,Photography
it.giochipreziosi.cupets,Casual
com.lazy.numberblocker,Communication
com.manbp.easytiepro,Lifestyle
com.a212754645650b4edbb152260a.a88030717a,Health and Fitness
ics.languagepack.cs,Libraries and Demo
com.autonoma.proximityproject,Racing
com.ifanmedia.kfan,News and Magazines
lorvensofttech.com.prabhupada,Lifestyle
jp.grasshopper.android.skydrive,Media and Video
com.bloomberg.android.anywhere,Finance
fxware.cguide,Finance
com.magmamobile.game.Freecell,Cards and Casino
com.intel.ark,Business
com.mydriver.customer,Transportation
com.nordcurrent.happychef2,Casual
com.samsung.contest,Sports
com.rally_campions,Libraries and Demo
com.games2win.trailerparking,Racing
com.mtc,Transportation
com.ap.WootChecker,Libraries and Demo
com.ma.android,Shopping
com.casty.android,Social
com.appbuilder.u16773p104434,Shopping
com.sgn.DressUp.GirlParty,Casual
jp.gr.tokotoko.oggDroid,Libraries and Demo
com.KreatifMuslim.Surah_Yaasin_dan_Tahlil_Arwah,Books and Reference
com.oyatsukai.finalfwycoin,Racing
com.dkeesto.digitalfluxfree,Personalization
com.Actiongames.GhostGun.en,Arcade and Action
com.bajic.exyudroidfm,Libraries and Demo
com.geekadoo,Cards and Casino
com.navaile.checklist,Libraries and Demo
com.honeycomber.six.pack.abs.training,Health and Fitness
ws.websca.bitcointicker,Finance
com.osolutionsinc.learnabc,Education
de.zalando.mobile,Shopping
com.blueskyapps.worldcupcountdown,Sports
com.gau.go.launcherex.theme.Kpanda,Personalization
com.greatbytes.fastreboot,Tools
com.quaditworld.Ayurvedic_Herbs,Medical
com.appbuilder.u112617p220198,Media and Video
com.anysoftkeyboard.languagepack.spain,Libraries and Demo
brd.bankingapp.android,Finance
com.jb.gosms.webtheme.clubpenguin,Libraries and Demo
com.orbar.weezeltheme,Libraries and Demo
com.dooub.shake.tnshake,Cards and Casino
com.peaksel.makkahlive247,Social
com.jb.gosms.theme.getjar.beach,Personalization
us.zig.dslr,Photography
com.appbuilder.u25873p42842,News and Magazines
com.runningrico.alienvszombies,Arcade and Action
com.magmamobile.game.Cube,Brain and Puzzle
say.hello.manchesterunited,News and Magazines
com.phdmobi.timescity,News and Magazines
org.herozero,Arcade and Action
com.rangfei.game.plane,Arcade and Action
ch.papers.alights,Libraries and Demo
com.lylynx.distortedcamera,Photography
com.submad.waterfall.free,Personalization
com.sappz.TrackerGPS,Travel and Local
girl.game.bella1,Casual
capitals.quiz.world.national.names.learn,Brain and Puzzle
jp.co.turbulence_design.futsaltacticsboard_free,Libraries and Demo
com.versaedge.android.wdwwaits,Transportation
me.fasttest.satwords,Libraries and Demo
dowill.breakPhone,Entertainment
com.herocraft.game.farmfrenzy,Casual
pl.blip20,Social
com.ganzogo.gamelan,Libraries and Demo
com.bestboomgames.bigboatdash,Racing
identity.android.CameraSelfTimer,Tools
air.jp.co.winc.hair.change.free,Photography
denis.doronin.android.currencynbu,Finance
com.sivart.wordcrank,Brain and Puzzle
com.feasy.app.memory.CuteDrops,Brain and Puzzle
com.hzwp.SDJ,Personalization
com.funny.haha.jokes.litterjohnny,Comics
com.rollingstorm.metrominder,Transportation
guardanus.dreamer,Health and Fitness
com.sillycube.android.breakitfree,Brain and Puzzle
net.kairosoft.android.paddock_en,Racing
com.webcipe.wineguru,Lifestyle
app.rvdonations,Finance
com.espo,Travel and Local
com.polpoc.boobspremium,Brain and Puzzle
com.rss.androidpaper,News and Magazines
com.DJmoon,Health and Fitness
jp.eguchi.android.vpnshow,Libraries and Demo
com.lego.duplo.trains,Education
com.livedoor.android.folkat,Social
com.themesfordroid.leopardthemegosmspro,Personalization
jp.co.so_da.android.samuraicamera,Photography
com.apptivateme.next.la,News and Magazines
com.musictapp.djholiday,Music and Audio
com.mobtopus.magiceffectsfree,Photography
mantra.of.all.indian.god,Lifestyle
com.wagachat.itunespodcast,Media and Video
com.tmobile.d411,Communication
com.mantano.reader.android.lite,Productivity
com.github.qrgen,Tools
com.naaptol.NaaptolMobileApp,Shopping
com.mjworld.number_fruit2_free2,Education
com.holfeld.koreanwordsfree,Education
com.etrade.mobilepro.activity,Finance
com.jonbolt.dashclock.facebook,Libraries and Demo
com.openkava.cartoon.picture,Media and Video
com.androlizer.yify.torrent,Communication
DDm.Rename.Wallpaper8002,Libraries and Demo
com.appletreebook.threelittlepigs,Education
com.freetheapps.framesfree,Photography
nz.gen.geek_central.porter_duff_browser,Libraries and Demo
listen.english,Communication
com.meecel.feedreader.RssDemonWhiteAd,Productivity
com.rotowire.news,Sports
com.mumblefish.tattooyourself,Entertainment
com.magnolialabs.udr,Travel and Local
com.textalertfree,Communication
com.bookandroid.howtogetwomen,Health and Fitness
com.superandroix,Arcade and Action
com.zielok.icecream,Casual
com.battlelancer.seriesguide,Media and Video
com.ravensinc.Musictube,Media and Video
air.PARISGIRL,Casual
fun.progressus.si,Entertainment
com.collectiveray.aspire,News and Magazines
ch.handyapps.rcrally,Racing
com.mostlyunix.lexiqon,Media and Video
com.jham.weathercayh,News and Magazines
com.artefactsoft.daf,Tools
com.km.camera.multicamera,Photography
net.kreci.drums,Libraries and Demo
com.sixpack,Media and Video
com.zentertain.slotssaga2,Cards and Casino
za.co.snapplify.peanutscomics,Casual
com.ctinfotech.snake,Cards and Casino
cn.bluesky.classicsokoban,Cards and Casino
com.foxkalomaskicrossing.papajohns,Shopping
com.loveframes.android,Photography
com.gemoro.basicfit,Social
com.playup.android,Entertainment
com.spinachsoftware.immigration.uscis.casestatus,Transportation
com.target.ui,Shopping
dk.dba.android,Shopping
com.greenlogger.tenis,Cards and Casino
com.funkboxing.led_controller,Libraries and Demo
codecore.widget,Tools
air.top.free.fun.game.Tiny_Robber_Bob,Brain and Puzzle
com.myitexperts.theocraticradio,Music and Audio
com.degoo.android.feedbaby,Lifestyle
com.coocoo,Transportation
in.lifeinindia.gayatrimantra,Books and Reference
com.app.copticreader,Books and Reference
com.mickolasjae.workout,Libraries and Demo
com.gau.go.launcherex.theme.xiaoyaoji,Personalization
com.speed.internet.turbo.booster.fast,Tools
com.secretexit.dismount,Entertainment
com.softick.android.golf,Cards and Casino
com.azugame.parkingCar,Racing
com.scotiabank.scotiaitrade,Finance
nhu.csie.mazs.taipei_wifi,Libraries and Demo
com.sun.tracker,Transportation
pl.espectrum.cardust.free,Racing
skjelland.net.words,Productivity
kr.co.mokey.mokeywallpaper_v3,Social
com.demerjee.CountdownTimer,Lifestyle
com.garmin.android.apps.fitness,Health and Fitness
nadsoft.pythonprogrammingreferencefree,Books and Reference
com.tvt,Media and Video
com.lf.lfvtandroid,Health and Fitness
com.darts501.shoot,Brain and Puzzle
com.alrwabeeapp.cartoons,News and Magazines
com.PoliceSiren,Libraries and Demo
com.teachersparadise.japanesealphabetkatakanahandwriting,Education
com.asanka.nightclockhd,Personalization
com.w6soft.videoedit,Photography
com.mobilog.ramadhanapp,Books and Reference
com.pjw.atrl,Music and Audio
com.xdroid.iphone4.lighter,Personalization
com.futurewisetechnologies.mobile.shottimer,Health and Fitness
com.ctinfotech.newegg,News and Magazines
com.mobilereference.TravelIstanbulAppFree,Travel and Local
com.gau.go.launcherex.theme.oserfigl,Personalization
com.diariosperu.android,News and Magazines
com.allsnow.android,Travel and Local
com.teamsoft.copter,Libraries and Demo
com.adhdstudios.afwkawaii,Personalization
com.hotrod.reference.britishmonarchy,Lifestyle
com.gamereactor,News and Magazines
com.cerience.reader.app,Productivity
com.icloudzone.crazyclimber,Racing
com.peshal.soundrecorder,Music and Audio
com.apofiss.littlesparrowlite,Personalization
com.appsverse.privatebrowser,Communication
com.clive.scroll,Libraries and Demo
com.gamelion.slots,Cards and Casino
com.domobile.iworkout.back,Health and Fitness
com.dingerapps.drtunes,Racing
com.mgna.lametro.bus.checker,Transportation
com.mobimind.aprendecoloreando,Education
com.jiubang.goscreenlock.theme.HallowScarecrow,Personalization
nation.android.supernews.nation,News and Magazines
com.sonyericsson.extras.liveview.plugins.taillamp,Libraries and Demo
com.mikrosonic.DroidVox,Music and Audio
com.paperlit.android.wprost,News and Magazines
hami.nezneika.keeksaver,Tools
com.doenter.android.vpn.fivevpn,Productivity
com.asiaapp.joke.all,Lifestyle
com.appwidget.aurora.battery.mini,Libraries and Demo
com.apolloss.RCRacer,Racing
air.com.fracturedvisionmedia.MobileApp,Libraries and Demo
com.happy.little.dentist,Casual
com.randomsaladgames.bubblestar,Brain and Puzzle
com.TvStreamer.apps,Media and Video
com.DoodleText.icons.pack.Butterflies,Social
opotech.starfieldLWP,Personalization
com.androidesimple.multiplicar,Libraries and Demo
com.jw.android.gc,Sports
com.texterity.android.SupplyChainQuarterly,News and Magazines
com.remoba.eas.mobile.ui.activity,Business
com.nubee.coinpirates,Cards and Casino
com.msf.opx,Finance
com.g3.android.widgets.internalm,Libraries and Demo
com.biganiseed.ladder.trial,Communication
com.samsungimaging.connectionmanager,Media and Video
com.moodagent.android,Productivity
net.gravis.concentration_free,Libraries and Demo
irdc.ex03_02,Medical
air.com.mobestmedia.quickescapejail,Brain and Puzzle
com.ainy.luoUniverse,Books and Reference
com.pandacalculator,Education
net.jimblackler.newswidget,News and Magazines
com.objectgraph.scarypiano,Libraries and Demo
com.fandango.regal,Shopping
com.outthinking.stickers,Libraries and Demo
air.AnatomyStarBrain,Medical
com.ldw.android.fishtycoon.lite,Casual
com.samsung.extreme.masking,Photography
bside.extremeambient.net.euro2012,Sports
ru.gelin.android.weather.notification.skin.blacktext,Libraries and Demo
com.iCubicles.CeKup.ASCamcorder,Media and Video
uk.co.broadbandspeedchecker,News and Magazines
themes.go.launcherex.theme.futuretheme,Personalization
radonsoft.net.trakme,Transportation
sud.whereto.GoogleMaps,Libraries and Demo
com.bmawasy.children.arabicalpha,Libraries and Demo
kr.sira.metal,Tools
com.allah.allah.live_wallpaper.livewallpaper.wallpaper.ramadan,Lifestyle
com.tundem.yatzyTJ,Cards and Casino
mds.DragonLords,Arcade and Action
com.dseffects.GoalKeeper,Libraries and Demo
mahmed.net.synctuneswirelessfree,Media and Video
com.androidwasabi.livewallpaper.parallax,Personalization
com.petralingua.russian,Education
comtube.ipphone.sipua,Communication
se.petersson.abc,Music and Audio
ru.sergpol.currency.lite,Productivity
quintoStdio.app.jeebboo,Brain and Puzzle
demo.com.amarphadke.stocks.activity,Finance
org.texteasy,Social
com.sai.googlemaps,Transportation
com.skcomms.android.dotori,Shopping
net.uwho.findme,Social
pt.teixeira.audioplayer,Music and Audio
fi.nordea.mobilebank,Finance
com.imoblife.applock_plug_in,Tools
com.bestcoolapps.atifaslamringtone,Music and Audio
de.dper.audioracer,Racing
com.afklm.mobile.android.gomobile.klm,Travel and Local
com.mindgrub.goEnglishChinese,Education
com.discipleskies.android.altimeter,Transportation
com.sidheinteractive.sif.DR,Arcade and Action
biz.leho.nevnap,Libraries and Demo
appinventor.ai_kraw4enko.Rashod,Transportation
com.game.rrb2.plugin.global,Casual
com.dolcegabbana,News and Magazines
co.origami.android,Shopping
com.easyGame,Racing
flyloopproject.nexttogo,Transportation
com.gamesignacio.Dragons,Brain and Puzzle
air.jp.ne.hap.footcare,Health and Fitness
pl.baggus.barometr,Productivity
com.gau.go.launcherex.theme.Graduate.GG,Personalization
desarrollo.CarLocatorPro,Transportation
com.android.dxtop.demo.launcher,Tools
air.net.daum.pix,Photography
www.thebestfungames.com.americanfootballmostfun,Libraries and Demo
com.synacor.client,News and Magazines
guiatvbrlite.com,Media and Video
com.camel.soft.app.simpleautotaskkiller,Libraries and Demo
com.nicjansma.minifigcollector,Shopping
com.graphicly.walkingdead13,Social
com.philips.lighting.hue,Health and Fitness
com.a11798511885076968372b745a.a90286281a,Lifestyle
com.livewallpapers.lovers3d,Libraries and Demo
com.EmWeather.Iconsets,Libraries and Demo
com.cozi.androiduscellular,Productivity
com.desenvdroid.fnscar,Arcade and Action
air.LomoSpray,Libraries and Demo
com.nerdattack.sgheadlines,News and Magazines
com.epic.haiku.android,Medical
com.smartmobilesoftware.funnyanimalsfree,Education
de.LiebesBriefDesigner,Social
org.hemelix.Highway.Rider,Racing
droids1.prasad.tirupati3d,Books and Reference
com.color.cars,Entertainment
com.ctoutpris.android.nixieclockwidget,Personalization
org.peakfinder.area.alps,Travel and Local
com.disney.toystorysmashitfree_goo,Arcade and Action
com.georgie.musicvu,Productivity
com.taobao.Motocross.a,Racing
com.fleskasoft.bestcomics,Libraries and Demo
com.theronrogers.vaultypro,Productivity
com.MobileDream,Books and Reference
air.com.aurumapps.google.governorOfPoker2Free,Cards and Casino
com.keithwiley.android.sheadspreet,Business
com.astra.tshirt,Lifestyle
com.js.BabyMassage,Lifestyle
mob.cool.hd.wallpapers.droid.bg,Entertainment
com.silvercrk.solitaire_iv_free,Cards and Casino
net.follis.SaleCalc,Shopping
com.csaifdialer,Libraries and Demo
com.chaks.fifn,Libraries and Demo
com.superApp.fine.Bmwcar,Racing
com.dragonplay.dragonplaypoker,Cards and Casino
com.ispadez,Cards and Casino
air.SWVDemo,Libraries and Demo
com.kjdn.hoon.timer.free,Lifestyle
com.game.bubbleshootmagic,Casual
kr.goodie.pianochord,Libraries and Demo
com.content.books.the_art_of_war,Books and Reference
com.codefortravel.skyrim_field_guide,Books and Reference
kim.travel.second,Libraries and Demo
com.arian.jamesadventure,Racing
com.at.autovideosregistrator,Tools
com.robotinvader.fooding,Arcade and Action
com.dmf.wall.MoonDragonCherryFree,Personalization
com.wizz.crosswords,Tools
com.jb.gosms.theme.aGanjaTheme,Personalization
com.lhd.crickchamps,Sports Games
cmm.liwenwen.nature.road,Personalization
com.mj.eni2,News and Magazines
com.simpleradio.player,Media and Video
yuku.morneve.app,Books and Reference
com.uncledroid.roadsidekick.lite,Communication
com.svsgames.orderup,Casual
de.abus.vms.eytron,Business
sg.gov.lta.mytransport,Travel and Local
com.fxbeta.news,Finance
com.intee.videocutter,Media and Video
com.stuckpixelinc.funnypics,Entertainment
com.truckdelivery,Racing
sg.gov.ura.pmi,Transportation
com.ds.need.cool.speed,Personalization
com.exam.webvieww,Books and Reference
com.iniya.android.livetv,Media and Video
com.oceanhouse_media.booklcijustforgot_app,Education
com.pingshow.amper,Communication
com.hinditop,Media and Video
com.tempo.encore,Education
com.goldbug.goldpriceslive,Finance
com.andromo.dev151984.app168829,Lifestyle
uk.org.managers.managementEssentials,Business
com.undercovertourist.disney.videos,Entertainment
com.nemustech.ncam,Tools
freecell.card.game,Libraries and Demo
com.htcheng.rusdict,Libraries and Demo
com.ispeech.callerid,Communication
com.digidust.elokence.akinator.freemium,Brain and Puzzle
com.appmakr.app548909,Medical
air.jp.or.nhk.NODPlayer,Media and Video
com.googlecode.chartdroid,Libraries and Demo
com.a91695580850215d487dd554a.a37111909a,Shopping
com.rcplus,Communication
com.toneaphone.soundboard,Entertainment
com.inline.cotyoinu1,Lifestyle
com.arab.cartoon,Media and Video
com.excelatlife.worrybox,Health and Fitness
com.muo.calendarwidget,Libraries and Demo
com.sibulamy.simplefeed,News and Magazines
com.twinme.free,Photography
factory.widgets.BillboardDigitalWeatherClock,Weather
com.mindgrub.goenglishfarsi,Education
com.matrixvoid.droidauctionsfull,Shopping
com.momark.ui,Shopping
com.mont,Transportation
com.diskdefrag,Tools
com.songsFreeMusic,Media and Video
com.FMGINC.NightlineApp,Social
com.moxtra.binder,Business
com.snappyappz.c_calc,Tools
jp.gr.java_conf.taketake.KyusokuHouden,Tools
com.livingsocial.merchantcenter,Shopping
net.letscorp.currencywidget,Finance
hk.com.smapp.big2online,Cards and Casino
com.tss21.rightnow.fra.main,Education
net.batteryxl.open,Tools
com.earthflare.anddroid.radioparadisewidget,Music and Audio
com.fluidtime.qando,Transportation
air.com.adobe.DCOMobile,Productivity
com.beltone.smartremote,Media and Video
com.lemondoo.flashlight,Personalization
imob.sikh,Libraries and Demo
com.bonrix.android.pos.cashregister,Business
net.cpanel.remote,Productivity
com.bluemoon.exokFandom,Social
com.akhbar.alalam,News and Magazines
com.harmonicapps.gaio,Tools
com.fourorange.travelguideindia,Travel and Local
com.free.android.music.player.red,Music and Audio
com.distdevs.rugbynations10,Sports Games
com.enrace.android.instantcollagemaker,Photography
com.mobilepcmonitor,Business
com.alfive.musclestrategy,Lifestyle
com.terrypaton.unity.pogz2,Libraries and Demo
com.gnomeengineer.safetripornot,Brain and Puzzle
com.sachi.marathi_aarti_mantra.AOTVLFPYNLFCIMBA,Books and Reference
com.flygresor,Libraries and Demo
com.funmathtricks.lite,Education
com.roar.liveTraffic.TrafficCamHoustonFree,Transportation
com.bartsource.Miners4k,Arcade and Action
com.evancharlton.fml,Social
com.km.utils.learndraw,Education
com.noodlecake.blockheads,Arcade and Action
com.kayac.nakamap,Social
com.ap.StopTimer,Tools
com.gi.playtales.gold,Education
com.tearn.kukpubs,Transportation
ecolor.com,Libraries and Demo
de.einsundeins.smartdrive,Productivity
com.fromthebenchgames.fmcor2014,Sports Games
com.androidwasabi.livewallpaper.lotus,Personalization
com.gamelikeapps.footballclubs,Brain and Puzzle
com.ucai.fotomarcoloveedition,Social
com.ululu.android.apps.my_bookmark,Productivity
com.cloudspeed.animalsoundsfree,Education
com.Bola5Free,Brain and Puzzle
com.carl.onlinepool,Cards and Casino
jp.co.livedoor.ldnreader.android,News and Magazines
co.playapp.en.prohockey.boston,Sports
se.easyapp.hammarby,News and Magazines
com.gmail.makoto_onuki.shoryuken,Libraries and Demo
com.superApp.fine.lovers,Lifestyle
com.gau.go.launcherex.theme.gfarm,Personalization
com.ffr.LieDetectorFree,Lifestyle
pl.araneo.ptr,Transportation
com.starvedia.mCamView,Media and Video
com.gau.go.launcherex.theme.woodenbox.free,Libraries and Demo
com.bitty.kegelkatfree,Casual
jagerDevelop.Yoga,Lifestyle
sukuta.aspectcamera,Photography
vladocar.uk.weather,News and Magazines
com.bhtx.indonesiatv,Media and Video
com.mappso.mahabharatkatha,Books and Reference
talking.toy.funny.elephant,Entertainment
com.speedway.mobile,Shopping
com.roidgame.oilpaint,Photography
com.nklsrh.supercricketfree,Sports Games
com.aawaz.dialler,Libraries and Demo
br.firandrade.sempreflamengo,Lifestyle
com.figuignet.alquraan,Libraries and Demo
ru.ololostudio.android.whisky,Cards and Casino
com.jb.gosms.theme.steampunk,Personalization
com.appsbar.HousePlans144912,Libraries and Demo
com.tmobile.vvm.application,Communication
com.pawgames.matchmania2,Brain and Puzzle
com.luandungames.DiceGame,Cards and Casino
com.glennbech.nutrinfo,Health and Fitness
com.baydin.boomerang,Productivity
com.nbcuni.universal.bournelegacylwp,Libraries and Demo
com.hslsoftware.campeonatoespanhol,Sports
au.com.jtribe.firepin,Transportation
com.libiitech.petsalon,Casual
com.hd.live.android.wallpapers.gf.abstraction,Photography
shvutsh.pack.war,Cards and Casino
com.topgmms.cocktailmania,Casual
com.danielpaiva.fart,Entertainment
studio.coldstream.minecraftlwp,Personalization
com.viral.newspapers.sw,News and Magazines
com.ics.weatheronmars,Weather
com.tulsaworld.android.phone.TulsaWorld,News and Magazines
com.kids.cursive.small,Libraries and Demo
joansoft.dailyread,News and Magazines
be1ay.vibro,Libraries and Demo
com.samruston.hue,Personalization
air.EtCal,Lifestyle
com.bulmedia.tv,Media and Video
com.imaginuity.murphyusa,Shopping
com.bubble.pop.wintrino,Brain and Puzzle
com.csipsimple.plugins.codecs.pack1,Libraries and Demo
com.feasy.game.MoleWhack,Brain and Puzzle
av.app.timetravel.lite,News and Magazines
com.bh.superflashcard.mcat.android,Education
orc.android.localtraffic,Transportation
com.xoopsoft.apps.bundesligatwo.free,Sports
dmiseven.games.torpedoattack3dfree,Libraries and Demo
com.innocomm.innoplayer,Media and Video
com.gau.go.launcherex.theme.fd.immocmoc.fourinone,Personalization
com.gcn.alexjones,Books and Reference
Diggidy.net.Bullion.Tracker.FREE.Widget,Finance
com.medical.surgical.qa.app,Medical
jp.co.so_da.android.horrorcamera,Photography
com.bigduckgames.fireworksarcade,Brain and Puzzle
ba.lum.deserttycoon,Casual
com.josh.jagran.android.activity.hindi,News and Magazines
com.asolab.latestnews,Music and Audio
com.just2me.sg4d,Lifestyle
com.cardtricks,Lifestyle
com.utooo.android.ruler,Health and Fitness
com.texterity.android.Pediatrics,Medical
com.MXMoto,Racing
hisanoryk.train.location,Libraries and Demo
com.CRW.ShoppingDiscount,Shopping
ar.com.geoidlabs.trucoConVira,Libraries and Demo
com.SuccessQuotes.MS,Health and Fitness
edu.mit.appinventor.aicompanion3,Libraries and Demo
dz.algerie.android.information,Travel and Local
com.tribok.android.livewallpaper.icsclassic.lite,Libraries and Demo
air.com.pepiplay.pepibathandroid,Casual
com.ixigo.mypnr,Transportation
com.wootus.nutrition,Lifestyle
com.raz.ioslock,Personalization
female.russiannames.com,Lifestyle
com.localradiofree.elsalvador,Music and Audio
com.socialnavinc.ultimatedrive,Travel and Local
com.nfl.fantasy.android,Sports
com.andtechnology.pouch,Shopping
com.breakingmedia.atl,News and Magazines
com.benjaminholfeld.speakarabicfree,Business
com.accenture.apps.amsapp,News and Magazines
com.trainey.nurse,Libraries and Demo
com.elevate.pioneers.Intelligent_Diary,Lifestyle
com.htcheng.iten,Books and Reference
org.homphysiology.neuroslice,Medical
com.aviary.android.feather.plugins.filters.tidal,Libraries and Demo
com.fbenslim.radiosNederland,Music and Audio
com.softick.android.hearts,Cards and Casino
com.mylocaltv.wfxt,News and Magazines
jp.co.sic.millionaire,Cards and Casino
com.yamaha.npcontroller,Media and Video
com.gtx.gpstracking,Social
air.NasaSpaceViewer,News and Magazines
com.calls.yemenfon,Lifestyle
at.lightyearapps.gtranslate,Books and Reference
co.romesoft.toddlers.coloringBook,Education
com.droidpower.phisics.fruits,Casual
com.appletreebook.cinderella,Education
mominis.Generic_Android.Pegland_Deluxe,Brain and Puzzle
com.jakyl.tilestormhd,Brain and Puzzle
com.oldnavy.snapappy,Shopping
com.crompts.game,Cards and Casino
com.claycuckoo.se9012,Libraries and Demo
com.mcd.ui,Shopping
com.facebook.pages.app,Social
com.tigrisapps.solitaire,Cards and Casino
com.dlink.srd1.app.shareport,Media and Video
com.pythonlu.xperiaz,Personalization
mobi.magicam.editor,Photography
com.game.treasurerun3d,Casual
com.egoclean.amipregnant,Lifestyle
com.dodock.footylight,Sports
com.menueph.apps.photography.spynocular,Photography
appinventor.ai_jonsaputo.NurseCalcs,Medical
com.roadhouselabs.wtt,Tools
com.laftimer,Libraries and Demo
com.droidsail.dsapp2sd,Tools
com.ammar.oodleviewer,Shopping
com.zentertain.slotspharaoh,Cards and Casino
com.samsung.smartviewer.light.activities,Media and Video
com.location.banks.finder,Lifestyle
com.Zeiterfassung,Finance
com.SynquaGames.TapCricket13,Sports Games
com.isync.morpho,Libraries and Demo
com.iwpsoftware.android.ebook.play.william_shakespeare.macbeth,Books and Reference
com.oneupplus.Bike_Rider_Stunt,Racing
com.dogaplayer,Media and Video
androidNin1.Start,Health and Fitness
org.tf.obd2.free,Transportation
com.bskyb.fbscore,Sports
com.jamesmgittins.livewallpaper.doom,Personalization
com.ookapi.sencare,Health and Fitness
com.ww30f6afc588cc90e827ec7673a2b450b5,Shopping
org.busbrothers.anystop.rtdbouldertransit,Transportation
com.mertech.calculator,Finance
back.livenumbers,Libraries and Demo
com.hong.simpletextwidget,Libraries and Demo
appinventor.ai_p_tuttoilmondo.Fools,Libraries and Demo
com.quickprogrammer.pnrtrackerpro,Transportation
com.hangfire.fatballlite,Sports Games
com.logistic.hebrew,Business
com.leo.yahooweather,Weather
demo.galmoori.datausage,Tools
com.app.freedomfromfearsandphobias,Health and Fitness
com.emergencylink.elink,Business
com.onexuan.battery,Tools
com.ylTop.yllanborghini,Libraries and Demo
com.mobilemarektingpub.indiantv,News and Magazines
com.keerby.hdvoicerecorder,Music and Audio
com.feasy.app.memory.FootBallMemory,Brain and Puzzle
com.razmobi.games.streetracers,Racing
com.codici89.tripeaks,Cards and Casino
com.rubycell.coloringprincess,Education
com.wesley.trackash,Finance
jp.co.elecom.android.elenote,Productivity
com.zaladonis.isonographerVascular,Medical
com.a816529901501c0df78a0152a.a34210741a,Health and Fitness
com.styleapps.hoardingphoto.frames,Photography
com.wordreference,Books and Reference
com.qwest.mobileaf.android,Communication
com.finessCalculator,Health and Fitness
mmc.medicinalmarijuanacookbookfree,Lifestyle
App.win.conforl3,Libraries and Demo
uk.co.ajp.android.repcalc,Health and Fitness
pl.ficode.milk,Libraries and Demo
com.patrika.epaper,News and Magazines
com.ggee.vividruntime.gg_1241,Casual
com.adictiz.spacedogplus,Casual
com.gamecircus.PrizeClawSeasons,Casual
com.appdog.android,Libraries and Demo
com.mccorwin.sexdice3DLite,Lifestyle
com.laan.toys,Lifestyle
com.magmamobile.game.MatchUpBuddy,Brain and Puzzle
uk.co.bbc.android.sportdomestic,Sports
com.guidepal.newyork,Travel and Local
com.dafer45.sugarlog.free,Health and Fitness
com.LiverpoolFanClub,Sports
com.cybopob.CulinaryNotebook,Productivity
goodapps1.scarystories,Books and Reference
com.prescient.getRss,News and Magazines
com.monzonito.earthquakealerts,Social
de.androidcrowd.bmi,Health and Fitness
com.weaverfish.date,Personalization
com.gameday.RoomBreak_EscapeNow,Brain and Puzzle
com.moblico.sports,News and Magazines
air.intollogy.photoskin,Photography
com.rrd.jpt,News and Magazines
com.kamikaz3.DrinkOn,Lifestyle
com.loldt.varietyyoyowallpaper,Personalization
ca.roofdog.biketrip,Racing
com.billiard.snooker,Sports Games
uk.co.bitsimple.wheresthebus,Transportation
com.mylocaltv.wxyz,News and Magazines
com.psynet.livescore.center,Sports
edu.utn.frba.gis,Libraries and Demo
com.spreedinc.providers.californianewspaperpartnership.sanjosemercurynews,News and Magazines
com.cognitial.directvremote,Tools
com.ansij.tagstagram,Social
finarea.CallPirates,Communication
com.shinycube.android.fun4kids.kidspuzzlegamelite,Education
air.com.ea.superherocity_row,Arcade and Action
com.gpit.android.safe.Ranger,Communication
com.icicilombard.mcust,Finance
com.ieltstestonline.com.writingsampleandmodelfree,Education
com.splashpadmobile.hangman,Education
cz.kamma.folderplayer,Libraries and Demo
com.dynappmics.skyhk,Productivity
com.theptja,Social
com.RMT.herzservice,Health and Fitness
com.instant.collage.maker,Photography
com.key.guerraLightningLiveWallpaper,Personalization
com.tsenov.mtb,Books and Reference
pl.multibank,Finance
com.piigames.darts,Cards and Casino
com.mraiyani.gujratidictionary,Books and Reference
com.park.stopwatch,Libraries and Demo
com.metamoki.mobwarsmobile,Arcade and Action
microinvest.Restaurant,Business
pl.ayground.twoplayer.tictactoe,Cards and Casino
com.androidgamer.osmap,Transportation
cn.com.nd.s,Libraries and Demo
com.auto_tool_box,Transportation
com.phonethics.madhuridixitnene,Entertainment
com.andromo.dev4168.app5043,Health and Fitness
com.elex.ram,Arcade and Action
pl.inforit.krzyzowki,Lifestyle
com.qualcomm.sgs.reignofamira,Arcade and Action
net.sunflat.android.papiorange,Arcade and Action
com.kraftnewservices.androidtablet.ifood,Lifestyle
iStudios.fablesandfairytales,Comics
com.foobnix.pdf.reader,Productivity
fr.tramb.park4night,Lifestyle
com.toccata.games.adventures,Arcade and Action
com.tgicybermonday.cybermonday,Shopping
au.com.sen.sen1116new,News and Magazines
com.jb.gosms.theme.aRedTheme,Personalization
com.icegame.fruitcrush,Brain and Puzzle
com.heads.up,Brain and Puzzle
com.xoriant.gillidanda,Sports Games
com.ralphs.mobile,Shopping
com.mavro.pt.lite,Medical
com.appbuilder.u65655p165996,Libraries and Demo
balofo.game.figures_answers,Brain and Puzzle
com.google.android.diskusage,Tools
com.AndroidA.ffmpegCodec.armV6,Libraries and Demo
blinds.calculator,Cards and Casino
com.wAmazonia,Libraries and Demo
com.subatomicstudios,Arcade and Action
com.vasilchmax,Media and Video
com.blogspot.strogonov.animechristmasdressup,Casual
com.lighthouseaustralia.perthtransit,Transportation
com.advlp.adelemusic,News and Magazines
com.vodafone.androidagent,Business
com.huewu.apps.logtoaster,Libraries and Demo
com.bestactiongames.dannyvszombies2,Arcade and Action
com.freebird.zsp.DailyAccounting,Finance
com.zc.android,Lifestyle
com.onemightyroar.yourather.free,Social
com.music.listener.izmusic,Music and Audio
com.elimmedia.lite.ureka,Education
com.inmatecanteen.secure,Libraries and Demo
com.nubee.fortunecoins,Cards and Casino
com.avdheshyadav.android.tzconverter,Tools
com.anysoftkeyboard.theme.three_d,Libraries and Demo
com.cc.activity,Social
com.moveme,Transportation
ru.kvins.draw.angels,Education
air.com.differencegames.homagicofchristmasfree,Brain and Puzzle
com.ryger.collegefootballsch,News and Magazines
com.idmobile.spainmeteo,Weather
com.gamezone8.slotscasinoparty,Cards and Casino
com.vucabu.games.puzzle,Brain and Puzzle
com.gau.go.launcherex.gowidget.bookmark,Personalization
com.nit.an9027_003_a00,Lifestyle
com.disney.PirateWars,Arcade and Action
com.wholesum,Lifestyle
com.spencer.amplifer,Libraries and Demo
com.stopwatchapp,Tools
com.indiataps.statebankoftravancore,Finance
ch.comparis.kkmobile,Finance
com.maxelus.shadowgalaxylivewallpaper,Libraries and Demo
seagospel.CUTView,Libraries and Demo
com.creativeone.islamicapps,Books and Reference
com.iheartoliveoil.mobile,Libraries and Demo
com.finnjohnsen.wrd.activity,Libraries and Demo
com.lambtongames.blackjackplusthreefree,Cards and Casino
com.picsart.kaleidoscope,Libraries and Demo
com.morningwood.soundboard.thespaceballs,Libraries and Demo
com.MindstormStudios.MafiaFarm,Arcade and Action
org.rsoe.android.edis_pms,Communication
com.qbiki.mjnetwork,Social
air.com.thechatroulettegirls.CamCrazy,Libraries and Demo
com.apptuners.phonegenie,Tools
com.rootive.lm.wn2,Libraries and Demo
com.k2b.smartshare,Communication
ginlemon.scratchdemo,Cards and Casino
com.andromo.dev215031.app215145,Shopping
epicandroid.opengl.livewallpaper004free,Personalization
net.willwebberley.gowertides,Weather
samsungupdate.com,Libraries and Demo
com.electricpunch.dubstephero,Music and Audio
com.doapps.android.mln.MLN_a70fd2e5b22e4a8e0e04ae8f9df49277,Transportation
com.bgames.android.bikerun,Racing
app.appliedlogistics.mobileswipe,Business
com.flisko.euro2012quiz,Sports
crazy.students.student,Medical
com.apps4free.Colorograph,Health and Fitness
com.avivaindia.mobile,Finance
com.dg.wapc,Media and Video
com.phoneliving.talkingdracothebatfree,Entertainment
com.dreamland.houseracers,Racing
com.a336191815502b6907d9d4a7a.a64785350a,Sports
com.zenmobi.android.app.nfl.billsnews,Sports
com.thaicook,Lifestyle
com.themesmaker,Photography
com.roqbot.client,Social
air.DinoBook2,Lifestyle
com.posb,Finance
com.mcpeppergames.games.amazinganimalpuzzlelite,Education
com.swf.flashgame.player,Media and Video
com.anameka.android.apps.lotteryapp,News and Magazines
ru.yandex.disk,Communication
air.Truck,Racing
com.wAVM,Social
ie.breakingnews.mobile,News and Magazines
com.training.hello,Shopping
pl.avantis.livewallpaper.aquarium.free,Personalization
com.liato.bankdroid,Finance
com.phobos.android.liverpool,Sports
org.busbrothers.anystop.greatercleveland,Transportation
com.riatech.chineserecipes,Health and Fitness
air.MakeUp,Casual
com.chronglobal.tidalchronoscope,Weather
com.brightastro.apps,Education
com.mayeeinfo.freecell,Cards and Casino
com.bloomberg.android,News and Magazines
com.sonyericsson.android.calcinputplugin,Tools
com.belldevelopers.dragme,Libraries and Demo
com.sunstorm.android.pretzel,Casual
de.frank_durr.panodroid,Libraries and Demo
com.softteco.ftalk,Social
de.hafas.android.arriva,Transportation
com.handyapps.photowallfx,Photography
android.network.rss,News and Magazines
com.grocerysmarts.grocerylistprofessional,Shopping
com.dessoft.weatherwidget,Weather
com.acontech.android.SmartWebCam,Media and Video
com.funfil.biology2,Libraries and Demo
com.gml.fw,Racing
com.tv.online,Media and Video
com.irafa.volleyballfree,Racing
com.gtp.nextlauncher.theme.luxury3ddark,Personalization
com.awad.fifa,Sports
com.abMobileApps.stedman,Music and Audio
co.kr.easysoft.fastcamera_free,Photography
com.skcomms.android.mail,Communication
lam.momsapps.fetalultrasound,Social
TC.Android.FinCalc,Finance
com.tagsapp.law.lite,Photography
appinventor.ai_mobile.SDEEN,Communication
net.golyat.yebisu,Libraries and Demo
slide.faceFrenzy,Brain and Puzzle
com.good.planet,News and Magazines
tw.com.freedi.youtube.player,Media and Video
com.graphicly.walkingdead7,Lifestyle
com.appspot.exploreinandroid2010.ToddlerWorldVol1,Education
air.com.esdot.PhotoTouchupLite,Photography
com.waikikisky.tonguetwisters,Comics
com.donutgames.ratonascooterxl,Racing
com.luckyxmobile.babycare,Health and Fitness
com.dreamerbros.themask,Entertainment
com.dic_o.dico_cze_ger,Libraries and Demo
de.seedair.seedairplus3,Social
com.da.promille,Lifestyle
com.carfax.cvhr,Shopping
com.bitdefender.tuneup,Tools
de.omsn.bhuio.talkNorwegianFree,Travel and Local
electrum2.drumslite,Music and Audio
it.blub.daily,Photography
hdn.android.countdown,Productivity
com.kosenkov.alarmclock,Lifestyle
uk.co.economist,News and Magazines
com.tech8.smartwifitether,Communication
eu.tmuapps.busscoutny,Travel and Local
com.utilno1.newcrayon,Photography
com.lyPolice,Entertainment
mobi.espier.launcher.plugin.controller7,Tools
opotech.advancedwifilockfree,Tools
com.pokiemagic.PiratesPlunder,Cards and Casino
cn.bluesky.fourinaline,Brain and Puzzle
com.comp1001.roulettelite,Cards and Casino
com.pediatriconcall,Medical
com.quoord.tapatalkpro.activity,Social
air.etaxi,Transportation
com.arlean.radio,Music and Audio
com.myxer.android.unicorn,Music and Audio
com.jiubang.go.backup.ex,Tools
com.pirasmani.android.makeup2.free,Shopping
com.anifree.anipet.freshwater.trial,Personalization
it.rortos.f18carrierlandinglite,Arcade and Action
com.n0n3m4.gcc4droid,Libraries and Demo
atticlab.AnnoyingUltraSound,Libraries and Demo
elbarcosoft.domino3d,Cards and Casino
com.ggee.vividruntime.gg_1627,Arcade and Action
com.mobilebeez.javaevolution,Libraries and Demo
division.of.time.BGV,Comics
com.noodlecake.pumpedbmxfree,Racing
com.cube.rca,Medical
com.afl.maleforce.android,Social
com.yintro.smstester,Libraries and Demo
com.FireproofStudios.TheRoom,Arcade and Action
com.san.interiordesign,Lifestyle
com.phanovatives.xtremesoaring3dfree,Arcade and Action
com.crowdcompass.appy8x758Lz5d,Social
com.dexterltd.wifiscanner_lite,Tools
com.moomoogames.dinoboyrushgame,Arcade and Action
com.tani.penguinattack,Arcade and Action
com.michaelfester.weighty,Health and Fitness
com.comeapp,Social
com.gulfnews.newsapp,News and Magazines
com.becapps.easydownloader,Media and Video
com.rootuninstaller.firewall,Tools
vs.studiometronome.free,Music and Audio
af.anatomy.guide,Medical
com.scotiabank.mobile,Finance
com.wEmploiJob,Libraries and Demo
com.rekesh.endo3.git,Medical
com.gau.go.touchhelperex.theme.imusic,Personalization
com.appspot.swisscodemonkeys.detector,Tools
com.premiumwidgets,Photography
net.uccspace.eng.mother,Lifestyle
com.zixstudio.twitterfollowers,Social
com.mstream.meteorlitewvga,Arcade and Action
htcbutterfly.iwallpaperdroid,Libraries and Demo
com.schuetz.showcase,Libraries and Demo
com.wsl.CardioTrainer.widget,Health and Fitness
com.gogii.textplus,Communication
com.tribune.breakingnewschicago,News and Magazines
sh.koorogram.bowling,Sports
com.dailyyoga.inc,Health and Fitness
app.near_me,Travel and Local
in.vasudev_vs.google_news_hindi2,News and Magazines
com.arcdroid.sleep,Music and Audio
kuba.livewall.clocks.regular,Personalization
com.NinjaMoto,Racing
abscom.ppicsbr,Libraries and Demo
Cn.sasj.hop.ring,Music and Audio
com.lrm4android.tgcfFree,Tools
com.zx.sgtrains,Transportation
com.wt.TakeoffClothes,Entertainment
com.fivefiftycord.armyfitnesscalc,Libraries and Demo
com.dexterltd.hidemyboyfriend_lite,Communication
net.thauvin.erik.android.tiproid,Shopping
de.eiswuxe.dinoworld,Brain and Puzzle
com.aviary.android.feather.plugins.stickers.galaxy,Libraries and Demo
cps.mmxi.scroller2,Tools
air.practicecricket,Sports Games
com.vaiable.android.guitarscale,Music and Audio
com.gaudiumsoft.voiceimport,Libraries and Demo
com.jmhdev.galaxynote2,Libraries and Demo
com.logo.cars.quiz,Brain and Puzzle
com.andromo.dev62321.app237254,Libraries and Demo
com.fingerpen.christmas,Education
de.fcbayern.android,Sports
com.mhedia.policeradarscanner,Entertainment
com.pilotfishmediainc.knockdownboxes,Brain and Puzzle
net.groceryshopping.StrackandVanTil,Shopping
com.flamboyant.analogclock,Libraries and Demo
com.alcomi.altwar,Arcade and Action
jp.android.tomapps,Weather
com.thirtymatches.ffffound.lite,Photography
com.dotafx,Libraries and Demo
com.arkay.swamivivekananada,Lifestyle
com.casualforge.HotelMogulHDLite,Casual
com.frenys.android.consejosromnticos,Lifestyle
rymthx.god102209paperi,Photography
susi.android.tabmaster.lite,Music and Audio
com.dinneratmyplace2.com,Lifestyle
com.painone7.Freecell,Cards and Casino
com.custom.inputmethod.keyboard,Tools
com.graphicly.chew4flambe,Comics
Gecko.Droid.PhysicsHelper,Education
com.waikikisky.bestjokes,Comics
com.neusoft.quickprint,Productivity
abc.ssd.TrafficInfoCheck,Transportation
com.vito.labs.wazemod,Tools
com.larryvgs.battery.icons.hdmingliu,Libraries and Demo
army.military.war.tono.ringtone.notification.whats.line.sms.sonidos.sounds.free,Music and Audio
com.reaxion.android,Music and Audio
de.greenrobot.eventperf,Libraries and Demo
org.om3DCAD,Libraries and Demo
com.Quotes.Happiness,Lifestyle
com.spotfiles,Media and Video
searchfloor.datehookupdating,Social
org.sleepnova.android.taxi,Transportation
com.SC.Breeze.Home,Finance
com.timesgroup.timesjobs,Business
hobby.demo.hourglass,Libraries and Demo
com.AmDeeLLC.Desi,Shopping
com.socialquantum.acityint,Arcade and Action
com.ahn.android.myPetDiary.free,Productivity
com.dinakaran.mobile.android,News and Magazines
com.gau.go.launcherex.theme.F.Blackbox,Personalization
com.games4girls.LittlePony,Racing
com.jeevan.gulesider,Libraries and Demo
org.ngsdev.yadoroid,Libraries and Demo
com.rocketlobster.wordtrain,Brain and Puzzle
com.hidabrut_test_1,Books and Reference
it.alcacoop.minigolf,Libraries and Demo
com.arc.huddle,News and Magazines
com.rediff.android.news,News and Magazines
com.dayzeroapps.slotsadventuresfoodie,Lifestyle
com.andromo.dev11201.app148751,Shopping
radonsoft.net.rta,Libraries and Demo
md.apps.StopNGo,Shopping
air.talaween.snakeandLadder.english,Cards and Casino
in.mettletech.livescore,Sports
com.freerange360.mpp.acemmejo,Medical
com.gwofoundry.stacksofnotes.lite,Productivity
com.maxelus.infernogalaxylivewallpaper,Libraries and Demo
com.woodslink.android.wiredheadphoneroutingfix,Tools
com.gau.go.launcherex.theme.rainy,Personalization
com.dreamtree.diyreader,News and Magazines
com.saurabh.travelguide.bangalore,Libraries and Demo
com.dwolla.dwolla,Shopping
com.devp.emoticons,Social
domino.reznic.net,Cards and Casino
com.gau.go.launcherex.theme.fire,Libraries and Demo
com.lul.vibration.monitoring,Tools
com.codelixir.deshitv,Media and Video
com.aphitex.screensaver.xp1,Libraries and Demo
com.ronca.galileo,Weather
jp.meloncake.mydocomo,Libraries and Demo
com.example.android.notepad,Libraries and Demo
air.com.fxcm.TSmobileTabletA,Finance
br.com.tapps.donotdisturb,Casual
com.ifd.lite.icd,Shopping
com.localradiofree.greece,Music and Audio
com.appletreebook.monkeyking,Education
com.keyboard.scandinavian.dictionary.german,Libraries and Demo
org.arrl.repeaterdirectory,Business
callplanets.app.lazy_list,Shopping
obg1.Photaf,Photography
com.subibot.intervals,Libraries and Demo
com.picus.android,Social
com.lifesofts.gridphoto,Photography
air.air.Eldhelm,Arcade and Action
com.mkd.bible,Books and Reference
jp.codedesign.android.pocketful,News and Magazines
com.google.phonecard_express,Communication
eu.mihailvelikov.scarsdale,Health and Fitness
com.whatsonindia,Entertainment
com.ccl.vehicules,Transportation
com.toluna.webservice,Shopping
com.dreamstep.wTornadoWarnings,Weather
jp.butterflycorp.android.casinotown.slot,Cards and Casino
com.coyoteapps.drake,Music and Audio
no.dkit.android.partyboard,Social
com.business.plan.z,Lifestyle
com.europeforgottentimes.euoly,Sports
com.dodur.android.tripeak,Cards and Casino
com.mobidhan.main.geeta,Books and Reference
com.riku.aadobepre984,Media and Video
com.tinytoysinc.android_make_pancake,Casual
com.gau.go.launcherex.theme.bluxv1,Personalization
roman10.media.converter.v7vfp3,Media and Video
com.SunMoonWidget,Weather
com.payless.mobile,Shopping
sg.com.maybank2u.Maybank,Finance
com.tvoinetgames.nia,Brain and Puzzle
com.vg.AirplaneFlightSimulator,Racing
younger.lee.newringtone,Music and Audio
org.mikebannion.fbnotifications,Productivity
com.mindtools,Lifestyle
com.CookieJarDevelopment.EMSGuideBook,Medical
com.outthinking.bokeh,Photography
com.riatech.chickenfree,Health and Fitness
com.waterbalance,Health and Fitness
com.speakwrite.speakwrite,Libraries and Demo
com.ishiptech.radio.malaysia,Music and Audio
com.graphicly.irredeemable3,Comics
com.pcvirt.livewallpaper.beachtrees,Personalization
com.livingsocial.www,Shopping
com.uni_ty.puttergolf,Lifestyle
mx.com.rm.samsung,Lifestyle
com.awc.onehundredfilters,Photography
com.finoit.androidgames.tapafish,Casual
com.twopxmob.game.chickenegg,Casual
com.nvison.grocerylist,Shopping
nz.co.remote.fiveHundred,Cards and Casino
com.remodelormove,Lifestyle
com.myibidder.aclient1,Productivity
ch.slf.whiteriskmobile,Travel and Local
com.conduit.app_a8e2bb7e4ad04928b682beffcbec8d6e.app,Lifestyle
com.bootant.crazytankslite,Libraries and Demo
pl.maxdoman.miningBitcoinMonitor,Libraries and Demo
com.ap.star,News and Magazines
net.idlesoft.android.apps.github,Tools
com.MyIndieApp.FreeOldiesRadio,Music and Audio
uk.co.danwms.lfchistory,Sports
com.thedoctorsays.predicktor,Health and Fitness
eu.ol0.meteo,Weather
net.weweweb.android.free.bridge,Productivity
com.cloudninedevelopmentllc.ErikElst_81,Medical
com.sure.tarotgift,Lifestyle
com.easterneast.android.rsswidget,Libraries and Demo
alexaeroticvlwp.em.com,Personalization
com.sunil.book.AOULQCFXPIAZGJCET,Books and Reference
com.xlabz.weatherhd,Weather
com.trippoinc.kings,Casual
com.mobizy,Business
com.droiddevz.toppickuplines,Social
com.elibera.adrivo.dhl,News and Magazines
com.canadadroid.wordmine,Brain and Puzzle
info.solocrowd.android.moonphase.free,Weather
com.applikali.livenewsnepal,News and Magazines
net.fineseed.colorful,Photography
me.snapp.android,News and Magazines
com.horseboxsoftware.heathrowairportflights,Travel and Local
jp.co.carview.tradecarview.view,Shopping
com.magzter.champaktamil,News and Magazines
com.firstbankcard.mobilebanking,Finance
com.andlabs.smsts,Libraries and Demo
com.siro.memeo,Books and Reference
com.specialbooks.classiclit.AOTTDFPFCFFKKLDJB,Libraries and Demo
com.mlssoccer,Sports
com.sash.smsparking,Transportation
smart.movies.android.widget,Communication
air.com.differencegames.hofairyforestfree,Brain and Puzzle
com.phresheez.phresheez,Sports Games
com.webcipe.slickdeals,News and Magazines
free.jazz.tones,Music and Audio
com.glu.android.bugvillage,Casual
com.flipmycards.jokes.AOTOWCLTPVSTJTWG,Books and Reference
com.ivona.tts.voicebeta.spa.esp.conchita,Communication
air.LineModule,Education
GFR_HO.COM,Medical
jp.co.johospace.jorte,Productivity
com.spreedinc.providers.gatehousemedia.rockfordregisterstar,News and Magazines
hamon05.speed.pac,Cards and Casino
com.ddnmedia.coolguy,Shopping
de.eiswuxe.ooorcs,Arcade and Action
com.chunter.gobang,Entertainment
aussie.rules.live,Sports
com.mobileroadie.app_1242,Social
com.silverweather,Weather
com.alawar.hamlet,Arcade and Action
com.ishihata_tech.android.mj2,Libraries and Demo
com.gameexcellent.fruitcombos,Casual
com.fivehundredpx.viewer,Photography
com.kfmes.transpose,Music and Audio
com.teragadgets.android.notes,Productivity
com.surya.LD,Transportation
com.peterNT.Maldives,Lifestyle
com.fromthebenchgames.fmbjk2014,Sports Games
com.ScnStudios.CrazyRacing4x4,Racing
com.sancronringtones.sirensb,Entertainment
com.alexd.tracker,Libraries and Demo
com.technosoft.BirthDay_Quotes,Social
org.xeustechnologies.android.kws,Tools
com.wefi.wefi.beta,Social
com.imprestyle.color,Lifestyle
com.kodak.view,Business
com.domain.android.oscrap,Shopping
talking.toy.funny.donkey,Entertainment
com.trimble.outdoors.hunt.le,Travel and Local
com.inteligeen.callerid.theme15,Personalization
com.futuremark.dmandroid.application,Business
com.clickforbuild.khmer_thai,Libraries and Demo
net.groceryshopping.CountryMart,Shopping
com.mu.mucalendarandroid,Sports
com.taki.lite,Cards and Casino
com.sanfordguideiap.com,Medical
com.genie.streamrss,News and Magazines
com.CollageMakerFree,Photography
info.mypisang.jawi,Libraries and Demo
com.km.frames.birthday,Photography
de.parfumdreams,Shopping
org.swr3.elchradio,News and Magazines
com.androiddevelopermx.blogspot.convertidorfree,Tools
my.tupac.ringtones,Music and Audio
dk.maxapps.heart,Lifestyle
com.mobisystems.msdict.embedded.wireless.collins.poslish,Books and Reference
com.hearst.android.wmur,News and Magazines
com.dophan.android.winecellarfree,Productivity
net.epsilonzero.hearingtest,Education
com.bestpuzzlegames.abstractcolors,Casual
com.studio3wg.monstertruckparking,Racing
com.gadgetcrafts.grblackjack,Cards and Casino
com.mobilebeez.lowerbodyworkouts,Health and Fitness
com.ipcmedia.marieclaire,News and Magazines
com.bit.trollface,Photography
proscio.wallpaper.funnyfountain,Personalization
com.nail.art.salon.nuttyapps,Casual
com.eboundservices.khyberTV,Libraries and Demo
com.galaxy.indolivetv,Media and Video
scombroid.android.qldtideapp,Weather
gdecaso.granizo,Travel and Local
com.sonyericsson.extras.liveware.extension.twitter,Communication
com.quoord.tapatalkHD,Social
com.video.hdplayer,Media and Video
com.app_eof.layout,News and Magazines
org.killer_balls.killerballsFree,Arcade and Action
com.hutchgames.smashcopsheat,Racing
jp.quan_inc.lovesticker.android,Social
com.jimmychen.app.eyesprotector,Tools
com.tonado.boli.hermit.hider,Tools
com.refactech.driibo,Libraries and Demo
org.droidgox.card,Libraries and Demo
com.jrv.hn.online,News and Magazines
de.ptbv.android.syncmlclient,Social
com.honeywell.mobile.android.totalComfort,Weather
sg.gadgetprice,Shopping
com.mdzshtp.lightmotorace,Racing
mohammad.adib.roundr,Lifestyle
com.slp.blackdroiddxtop,Personalization
com.hlpth.thaiflood,News and Magazines
me.onemobile.tw,Social
com.eventualtechnology.golf,Sports Games
com.sds.livelpaper.AOTRGEXKSTKDPTAU,Libraries and Demo
com.riteshsahu.SMSBackupRestore,Tools
com.aigrind.warspear,Arcade and Action
com.ape.scanner.gender,Entertainment
com.appsupNewSongs,Entertainment
com.appspot.exploreinandroid2010.KidsLogicLite,Education
com.gau.go.launchereX.theme.icecream,Personalization
ee.smkv.calc.loan,Finance
com.king.candycrushsaga,Casual
com.oist.android,Social
com.frma.audioBookPlayer2,Libraries and Demo
com.bigbuttons,Tools
jp.changer,Tools
com.valleydevteam.Sprueche,Lifestyle
com.Magic.Cube3DTreesLiveWallpaper,Libraries and Demo
uk.co.arcdev.android.whatson,Media and Video
com.skycode.atrance.enes.free,Communication
com.kimusoft.labyrinth,Libraries and Demo
com.handcent.fontpack.pack4,Personalization
com.daunmobi.tetrisgame,Media and Video
com.incorporateapps.fakegps.fre,Tools
egosselin.free.ccourses,Finance
air.SouthernTouchTech.SpadesFree,Cards and Casino
com.hipipal.qpyplus,Tools
ie.pumps,Travel and Local
jp.naver.line.android,Communication
ru.yandex.translate,Books and Reference
air.com.youdagames.gop2mobile,Cards and Casino
com.utilno1.supercamera,Tools
com.rockstargames.gtavc,Arcade and Action
com.ani.apps.jokes.sms,Comics
com.doapps.android.mln.MLN_42b39fdb198522d2bfc6b1f64cd98365,News and Magazines
com.oanda.currencyconverter,Finance
ru.krikun.s2e,Tools
com.wHowToManageIrritableBowelSyndrome,Lifestyle
com.newssynergy.kulr,Weather
air.uk.lightmaker.theanda.rules,Lifestyle
com.websms.connector.o2,Libraries and Demo
home.ethan.lensguide,Photography
com.mylocaltv.kdfw,News and Magazines
com.jjvaca.aznardroidlite,Books and Reference
com.vndynapp.mxmotocross,Racing
com.blinknetwork.blink,Transportation
eu.vesuviansoftware.onlynews.gossip,News and Magazines
jp.co.stren.stmaga.ghee02,Libraries and Demo
com.airwatch.browser,Business
com.tidahouse.newspodj,Libraries and Demo
com.curvefish.widgets.gpsonoff,Tools
com.numberpicker.activities,Lifestyle
com.hyperkani.dropit,Cards and Casino
com.mobisfera.prod.dilbert,Social
com.thisisaim.rteradio,News and Magazines
com.shunya.gita,Books and Reference
com.appseleration.heyho,Communication
com.bnpp.hellobank,Finance
com.elgato.eyetv.tivizen,Media and Video
com.outthinking.instacollagefx,Photography
net.orleaf.android.wifistate.plus,Libraries and Demo
tmr.smart.mobile,Transportation
com.htcheng.calcmol,Libraries and Demo
system.apps2,Finance
mz.electric.guitar.tuner,Music and Audio
tomicki.pl,Medical
roman10.media.converter,Media and Video
com.appgame7.bubblelink,Brain and Puzzle
com.zensis.nowwidget,News and Magazines
net.mobilecraft.football,Sports Games
jp.co.entaworks.hanabi.lite,Casual
com.dfany.livenature,Libraries and Demo
com.n225zero.EasyDietRecords,Books and Reference
com.appmakr.app198487,Libraries and Demo
com.trackaroo.apps.mobile.android.Trackmaster.layouts.logger.TimeDash,Libraries and Demo
com.personalitiesparser,Lifestyle
com.gau.go.launcherex.theme.z.higan.free,Personalization
com.PYKL3.Radar.Lite,Weather
com.xzPolicecar,Racing
com.flirtomatic.flirtodroid,Social
wiktoria.goroch.bible_ot.AOUGBEWUVNKRBFSK,Books and Reference
org.charlesc.macaubus,Transportation
com.robapps.ballsrider,Brain and Puzzle
com.isrr.app,Media and Video
com.xtreme_.hairstyleswiththeirhands,Lifestyle
jp.wallpapershot,Photography
com.dw.contacts.free,Productivity
com.rahul.DownloadEverythingProo,Productivity
air.com.empiregames.housedesign,Casual
in.smartwebs.status_via,Entertainment
com.dev.streetviewzone,Travel and Local
proffesionals.dog.whistle.cat.repelent,Entertainment
com.Doktor3D.Sketcher3D,Photography
com.app.PHcalendarOnly,Lifestyle
com.raytracing.wizapply,Libraries and Demo
com.cyo.comicrack.viewer.free,Productivity
com.koranto.myinstaplacegreetings,Photography
com.willhaley.android.mobiledoppler,News and Magazines
uk.co.macsoftware.WWPointsPlusCal,Health and Fitness
com.kayac.photobag,Social
com.rocky.sunshineclockwidget,Personalization
com.mlmtrainingapps_organogoldtraining,Lifestyle
net.mobabel.momemofree,Libraries and Demo
droids1.prasad.des.decking,Health and Fitness
cz.cfc.androidgp.sightwordslite,Education
appinventor.ai_bidcoder2010.BakingCooking,Lifestyle
com.wagwan.datemonthstatusbar,Productivity
com.orange.myoffice.row,Business
bys.widgets.shirdisaibaba,Lifestyle
com.Wright.GeorTattooPatternLibrary,Libraries and Demo
com.bruce.android.rain.sounds,Lifestyle
kr.co.tictocplus,Social
com.adamhogan.android.moleculeviewer,Tools
pl.ayground.littlepiano,Music and Audio
com.frames.valentineframesplus,Photography
com.fox.now,Entertainment
com.wolfsoft.dotd,Entertainment
com.azinova.britishmalayali,News and Magazines
or.jp.greenroad.traffic,Transportation
com.in8.id,Entertainment
com.zalebox.celtic.tattoo.set2,Lifestyle
fr.r1.sudoku,Libraries and Demo
appinventor.ai_wisdomstorylesson.howtowriteabookthatsells,Lifestyle
com.astrotek.dictionary.ylib,Books and Reference
com.techpowerup.tpu,News and Magazines
asif.android.app.halalecodes,Lifestyle
faj.holdem,Cards and Casino
com.gau.go.launcherex.theme.usts,Personalization
com.tsf.shell.services.notifier,Communication
com.letitguide.dcguide,Social
com.liyuanqin.momentcam.share.effect,Photography
net.ivantis.userinfo.example,Libraries and Demo
com.boodev.socialfall,News and Magazines
uk.co.neilandtheresa.NewVignette,Photography
away.message,Tools
mmapps.mobile.anti.theft.alarm,Lifestyle
net.xdevelop.protector3,Tools
com.redcirrus.iFly,Travel and Local
com.xunxin,Health and Fitness
com.brooklynmarathon.api.client.calendar.android,Transportation
appinventor.ai_elliotnoma.NJT_Departures,Transportation
com.gau.go.launcherex.theme.gowidget.taskmanagerex.futureworld,Personalization
jp.co.taosoftware.android.dpiinfo,Libraries and Demo
com.simplifynowsoftware.droidsecrettips,Tools
com.videomanagerapp,Social
com.hdvideoplayer,Media and Video
com.viaplay.android,Entertainment
com.freeclassifieds,Lifestyle
com.pickleappstudio.app.BleachMangaViewer,Media and Video
com.vg.airplaneparking,Racing
com.cbs.sportsapp.android.ncst,Sports
com.sammdesmond.ph2,Cards and Casino
com.appmox.naturecasa,Photography
com.hrstudios.chistes,Comics
uk.co.tekkies.plugin.kjv,Libraries and Demo
com.fiberlink.maas360.android.control.samsung,Business
com.sntown.snchat,Social
com.ap.postdispatch,News and Magazines
nl.ara.demo,Transportation
com.global.radio.Indonesia,Music and Audio
com.av.apps.FairyVillageWeather,Weather
com.metrostarsystems.apps.android.sptogo,Business
com.square_enix.android_googleplay.FFIII_GP,Arcade and Action
com.rew.tabla,Music and Audio
com.mertech.hd12c,Finance
com.control.awm,Weather
la.droid.gps,Social
com.gowithmyflow.getrippedtrial,Health and Fitness
com.bitartist.beautyshot,Photography
com.transcend.sjc,Media and Video
com.aura.ringtones.aurachimes,Libraries and Demo
air.com.buffalo_studios.newflashbingo,Cards and Casino
com.zalebox.tribal.tattoo.set2,Lifestyle
au.com.dealsmap.lwp.cube.PackAndroid,Personalization
th.co.truemoney.wallet,Finance
com.benchbee.AST,Libraries and Demo
net.jjc1138.android.scrobbler,Media and Video
dk.progressivemedia.pixelinejungleskattenosaoFREE,Arcade and Action
DDm.Rename.Wallpaper8000,Lifestyle
com.vicman.photolab.newyearapp,Photography
com.chris.chatworld,Social
wclear020502.wistars9028five,Entertainment
fr.smshare,Communication
wheel.slots.leetcom.com,Cards and Casino
com.wsl.bikiniwidget,Health and Fitness
com.honestwalker.kancart.DHgate.activity,Shopping
com.travelchannel.watcher,Entertainment
com.reigndesign.biblepromisesfree,Books and Reference
com.phonegap.breastcancer,Libraries and Demo
com.appeteria.battery100alarm,Tools
com.hangseng.mobilewalletapp,Finance
com.phunware.undercovertourist.universal.free,Transportation
com.everycircuit.free,Productivity
uk.co.dedmondson.timer.classiclite,Sports
kik.android,Social
uk.co.focusmm.dts_theory_free,Education
com.jappit.calcio,Sports
com.focusmedica.md.medicalhealthdictionary,Medical
appinventor.ai_khalid.ALJ,Transportation
com.mywickr.wickr,Business
com.akoano.englv2up,Libraries and Demo
jqsoft.apps.mytasks,Lifestyle
com.superApp.fine.loveheart,Personalization
de.DannyDan.TripeaksDL,Cards and Casino
com.kidsfun.matching.classicjewels,Brain and Puzzle
com.brainpub.phonekuk_note,Productivity
cn.easymobi.application.mouse,Productivity
com.slacker.aol,Music and Audio
com.appspot.londontubetracker,Transportation
com.xidea.AnimalMatch,Brain and Puzzle
com.hardworking.millionschool,Brain and Puzzle
com.thirtysixyougames.google.starGirlSingapore,Casual
com.herocraft.game.montezuma2.lite,Brain and Puzzle
com.jin.games.cleverblocks,Brain and Puzzle
noguchi.tango,Tools
id.co.viva.launcher,News and Magazines
com.luxdiets.gainingdiet,Health and Fitness
com.runty.translink,Transportation
app.social.weather,News and Magazines
com.vemmabode,Health and Fitness
com.modiface.eyecolor,Photography
net.hexage.reaper,Arcade and Action
com.silicmobile.pcremotecontroller,Tools
com.thunderbull_entertainment.footballpenaltyshootout,Sports Games
com.mobilerecharge.plans.ratecutters.tariff,Shopping
play.games.mj.pp,Cards and Casino
com.softonic.moba,Entertainment
com.diogines.bloodpressure,Medical
com.handyapps.easymoney,Finance
jp.skydesk.print,Business
com.wayn.android.WaynMeetPeople,Social
com.skycore.android.codereadr,Business
com.mzSiren,Entertainment
com.bjtapp.newsongs,Media and Video
com.smapps.android.bills,Finance
biz.app321.musicsearch,Music and Audio
com.spryfox.tripletown,Arcade and Action
nu.tommie.inbrowser,Productivity
com.g5e.pilotbr1,Brain and Puzzle
alvintclam.shopping,Shopping
com.Ampliant.perfectparking,Racing
com.fas,Finance
com.danilov.smsfirewall,Communication
hu.pocketguide,Travel and Local
com.devmiles.mnotes.free,Productivity
com.noriapps.cairoslots,Cards and Casino
com.billdar.Peso2Dollar,Finance
com.svox.classic.langpack.spa_mex_fem_trial,Communication
com.astreo.pictureiq,Brain and Puzzle
devdnua.cookbook,Lifestyle
org.rastaduck.games.projectcyandemo,Brain and Puzzle
com.fadavis.hargrove.nclex.qa.app,Medical
com.appmania.dm3dholidays,Arcade and Action
nz.co.asb.asbmobile,Finance
com.Geography.Quiz.Game,Brain and Puzzle
air.com.seagate.goflexhome,Media and Video
com.dynodroid.dynoreader.mliaad,Productivity
com.km.house.broke,Entertainment
com.aapvs.bestapps.jokes.ru.lite,Entertainment
com.Wright.GeorTattooPattern,Personalization
com.Map.Speedometer,Transportation
com.banjo.android,Social
com.jattcode.instalator,Productivity
com.greatbytes.activenotifications,Tools
com.leon.iphoneweather,Libraries and Demo
com.ianhanniballake.contractiontimer,Productivity
com.iamhuy.singbusguide,Transportation
com.boatbrowser.free,Productivity
air.com.sticksports.supersixes,Sports Games
jp.kanagawa.hoshi_m.planisphere,Education
com.densebrain.matemate.transit.dcmate,Transportation
com.dailyyoga.weightlossii,Health and Fitness
com.handson.bloonsdemo,Brain and Puzzle
com.ibills.paytm.mobikwik.freecharge,Shopping
se.suckerpunch,Cards and Casino
com.lily.times.calf1.all,Entertainment
ws.munday.swarm,Media and Video
com.szymontrapp.jlptVocabulary,Education
pepe.jeans,Lifestyle
com.dommainname.ZombieIsland,Libraries and Demo
com.webeditlite.app,Productivity
com.narble.quotes.psychologist,Libraries and Demo
com.viamichelin.android.michelintraffic,Travel and Local
com.aka.freemovies,Media and Video
com.jb.gosms.theme.cherryblossomfree,Personalization
com.jiubang.goscreenlock.theme.sense,Personalization
com.ranapps.fbmessengerphotoshare,Photography
edu.stanford.nicd.raytracer,Libraries and Demo
com.lamar.roadninjaapp,Travel and Local
com.readingbee.audiowiki,Books and Reference
com.jb.gokeyboard.theme.christmas,Personalization
com.gogii.textplusrow,Social
de.kingscup,Cards and Casino
com.textmeinc.textme,Communication
com.fingersoft.benjibananas,Arcade and Action
com.xyrality.scarytribes.googleplay,Arcade and Action
com.sgn.DressUp.BrideToBe,Casual
emre.android.bubblesfree,Brain and Puzzle
com.live.wall.papers.xianjing,Libraries and Demo
air.com.omgfreegames.HighSpeedChopper,Racing
com.rolltech.nemoplayerplus,Productivity
com.shdroid.baralert,Shopping
com.jiubang.goscreenlock.theme.greenwonderland.ling,Personalization
com.heycheck.mobile,Photography
com.doolnews.app,News and Magazines
com.dnp.android.gaswala.hpgas,Finance
com.jlsoft.inputmethod.latin.jelly.free,Productivity
gfm.camera.packge,Libraries and Demo
tallinn.transport.live,Transportation
com.fishingtimesfree,Weather
com.pixelstrade.carrefour,Shopping
com.locationlabs.cni.sprint,Social
adec.andro.openrdk.arc,Libraries and Demo
com.magnolialabs.couponsapp,Shopping
com.innovativelanguage.wordpowerlite.hebrew,Education
com.gau.go.launcherex.theme.VALL,Personalization
com.app4joy.united_states_mod_free,Personalization
mobi.shkspr.android.theramin,Libraries and Demo
com.thisclicks.wiw,Business
com.ablet.psychiatryflashcards,Medical
com.sinkpoint.nextTTC,Transportation
com.lifesofts.photo.naturalframes,Photography
com.roadkill.customsmstoneslite,Libraries and Demo
com.rubenlcestrela.pharmacies.portugal,Transportation
com.tegtap.solarwarfare,Arcade and Action
roman10.media.amckey,Media and Video
com.flyingballfree.activity,Arcade and Action
cat.ereza.sounds.nasty,Music and Audio
com.keramidas.TitaniumBackup,Productivity
android.androidVNC,Tools
com.segopecelus.hargahotel,Shopping
com.qdvsoftworks.schematicmind,Productivity
women.hairstyles.darwin,Lifestyle
no.aftenbladet,News and Magazines
com.nuoxygen.ikaroracing,Racing
org.ugosan.hairclipper,Lifestyle
tv.cinetrailer.mobile.b,Media and Video
manyapps.net.manibukfree.science,Books and Reference
cc.mannam.gideon.bible.tagalog.v1,Books and Reference
org.contra.elchradio,News and Magazines
com.akvelon.crm.atracker,Business
com.minglebox.android.ieltsapp,Education
com.twitter.jbnu_android,Libraries and Demo
gs.games.battlecity,Libraries and Demo
com.segopecelus.infobola,News and Magazines
fr.atlassi.meteolocale,News and Magazines
com.g5e.pilotbr2,Brain and Puzzle
com.swellinfo,Weather
tool.music.ringtonemaker,Music and Audio
mydotdev.quranenglish,Books and Reference
com.lihuats.ringtone,Music and Audio
com.picadelic.fxguru,Casual
air.com.mingoville.birdistheword,Brain and Puzzle
com.eamobile.sims3_row_qwf,Casual
minimaltext.kyledesignedme.adwtheme,Personalization
com.mobileriders.indiangk,Books and Reference
com.sinyee.babybus.clothes,Education
com.ste.android.schnopsnfree,Cards and Casino
com.hottagame.slots,Cards and Casino
com.kpmg.insight.urbanization,News and Magazines
com.wordsmobile.soccerkicks,Sports Games
net.comikon.reader,Libraries and Demo
com.cloudninedevelopmentllc.FelipeACetina_41,Medical
air.com.alisacasino.bingo,Cards and Casino
com.acmeaom.android.myradarpro,Weather
com.all.nfs3dcar,Entertainment
com.casey.tvplayer,Media and Video
net.jsecurity.printbot,Business
com.local_cell_tracker,Tools
com.accuretech.ifarz,Education
com.RRmessage4,Music and Audio
com.anysoftkeyboard.theme.israel64,Libraries and Demo
com.vuzz.snapdish,Lifestyle
com.technoguff.nepaliukhan,Books and Reference
com.blokwise.cnrace,Racing
net.homelinux.penecoptero.android.mhtutorials,Libraries and Demo
com.salem.oneplace,Books and Reference
com.elky.likekids.fr,Education
com.dessoft.testuno,Libraries and Demo
com.aceviral.bikemaniafree,Racing
com.dailyyoga.bstanding,Health and Fitness
com.mobisystems.msdict.embedded.wireless.mcgrawhill.ndh2011,Medical
com.midisheetmusic,Music and Audio
girl.game.halloween1,Casual
com.fusionlogicmobile.nintiesringtones,Comics
pl.tangelo.android.fertilitycalendar,Health and Fitness
com.MessagesToYoungPeople,Lifestyle
com.vascogames.NinjaMoutainBike,Racing
com.inventionspark.debt_calculator,Libraries and Demo
com.climbingweather.cw,News and Magazines
com.nmbs,Travel and Local
org.chartcreator,Productivity
com.appcelerator.titanium,Libraries and Demo
com.marketchison.sticksnipervision,Casual
slo.matto.imenik,Libraries and Demo
com.gau.go.launcherex.theme.Johnnyfruitcake.ling,Personalization
eu.borzaindustries.girls_memory,Entertainment
it.sunsea.soccerquiz,Sports
com.medicaljoyworks.prognosis.diabetes,Medical
com.dordev.trollolol,Photography
net.goroid.theend,Arcade and Action
com.umobisoft.igp.viewpics,Productivity
com.oddsoft.quicktranslate,Communication
com.pamperedchef.android,Business
com.xzRaggae,Music and Audio
com.lemondoo.crackyourscreenfree,Casual
sg.com.smrt.smrtconnect,Transportation
com.tkandroid.kpopmv,Music and Audio
com.aviary.android.feather.plugins.filters.runway,Libraries and Demo
me.tidesnear.free,Transportation
com.FakeYourCallAndSmsLite.Activity,Communication
de.konstrukado.GemischRechner,Libraries and Demo
appinventor.ai_freebies_freesamples_coupons.Freebies_Coupons,Shopping
com.truecallerindia,Communication
com.lecar.commgoogle,Libraries and Demo
com.theprojectfactory.quitbuddy,Health and Fitness
com.qll_sb035.android,Books and Reference
giil.buylist,Shopping
com.sunlightlabs.android.congress,Social
beemoov.amoursucre.android,Casual
com.floern.xkcd,Comics
com.lee.lineprofile,Social
com.gmattclark.hcd,Libraries and Demo
net.peakgames.lostjewels,Arcade and Action
jp.nmochizu.comiview,Comics
com.sam.trifty,Shopping
aniongap.com,Libraries and Demo
com.markspace.fliqnotes,Productivity
air.com.freshplanet.games.SongPopPremium,Music and Audio
com.spookyhousestudios.bubbleshootix,Brain and Puzzle
air.FootballDoodFree,Sports
com.iapptitude,Brain and Puzzle
com.bakken.home,Transportation
gnu.artinamabayi.android,Libraries and Demo
com.goomeoevents.emarketing,Sports
com.death.love.a,Personalization
com.km.house.burn,Entertainment
com.mozinc.thunderstorm,Health and Fitness
com.arcusweather.darksky.pro,Weather
com.licornesolutions.airasia,Transportation
teamtk.net.project.travelguidefree,Transportation
com.mudahit.kisahnabiv3,News and Magazines
com.popbox.bubbles.free,Personalization
com.piviandco.agingbooth,Entertainment
com.alpha_aps.plumber,Brain and Puzzle
com.nousguide.android.rbtv,News and Magazines
iec.mycatphotosticker.free,Photography
com.kiaigames.Sprinter,Racing
com.saaranga.wikikannada,Communication
com.decas.BuddhismRingtone,Lifestyle
com.pbs.android.animalpuzzlefree,Education
com.kodak.wmc.rsscombinedapp,Libraries and Demo
vn.esse.bodysymbol.hd,Personalization
com.killermobile.totalrecall.trial,Communication
com.aqreadd.lw.clockdown.lite.gle,Personalization
org.apache.medicalterm,Medical
com.hardest.ballgame,Brain and Puzzle
com.thomson.druginfo,Medical
com.interactionstudios.CI4.ggl,Arcade and Action
com.dubai.metromap,Transportation
com.djinnworks.StickStuntBiker2.free,Racing
de.PostkartePro,Business
com.samsung.dct.retailagent.phthree.test,Libraries and Demo
com.henryh.android.supermarketlite,Shopping
app.riseset.sunrise.and.sunset,Lifestyle
com.Audio_Therapy_Binaural_Beats_2,Health and Fitness
com.vivamedia.cmGGTHD,Arcade and Action
de.mamru.intervals,Health and Fitness
sg.com.squarefoot,Business
kr.co.yam3.searchmenu,Travel and Local
com.daeha.android.app.repeat_ja_ko,Libraries and Demo
com.sec.android.allShareControl,Tools
com.mobileriders.butt.sculpting.exercises,Health and Fitness
